Expéditeur,status
Tunisien cars,Reçu par l'expediteur
Tableau S plus 2 grand colis,Reçu par l'expediteur
Tableau S plus 2 grand colis,Reçu par l'expediteur
Attia stores,Reçu par l'expediteur
Attia stores,Reçu par l'expediteur
Attia stores,Reçu par l'expediteur
Youce Printdéco,Reçu par l'expediteur
Attia Shop,Reçu par l'expediteur
Devcom,Reçu par l'expediteur
tableaux tendance,Reçu par l'expediteur
tableaux tendance,Reçu par l'expediteur
tableaux tendance,Reçu par l'expediteur
HISOONTON,Reçu par l'expediteur
Déco et mobilier plus,Reçu par l'expediteur
Sywarable,Reçu par l'expediteur
HISOONTON,Reçu par l'expediteur
Ste Texport,Reçu par l'expediteur
Be Happy Shop,Reçu par l'expediteur
Tout pour la maison,Reçu par l'expediteur
TABLEAU PLUS,Reçu par l'expediteur
Youce Printdéco,Reçu par l'expediteur
TABLEAU PLUS,Reçu par l'expediteur
TABLEAU PLUS,Reçu par l'expediteur
Yosart ceramic,Reçu par l'expediteur
Youce Printdéco,Reçu par l'expediteur
TABLEAU PLUS,Reçu par l'expediteur
tableaux tendance,Reçu par l'expediteur
tableaux tendance,Reçu par l'expediteur
LOGISTIKO,Reçu par l'expediteur
slah bastaoui,Reçu par l'expediteur
HISOONTON,Reçu par l'expediteur
HISOONTON,Reçu par l'expediteur
HISOONTON,Reçu par l'expediteur
HISOONTON,Reçu par l'expediteur
HISOONTON,Reçu par l'expediteur
HISOONTON,Reçu par l'expediteur
click store,Reçu par l'expediteur
click store,Reçu par l'expediteur
click store,Reçu par l'expediteur
Elle me,Reçu par l'expediteur
Five star,Reçu par l'expediteur
Five star,Reçu par l'expediteur
Five star,Reçu par l'expediteur
Elle me,Reçu par l'expediteur
R coftan,Reçu par l'expediteur
Tiktak PRO-forumboutique,Reçu par l'expediteur
click store,Reçu par l'expediteur
click store,Reçu par l'expediteur
click store,Reçu par l'expediteur
click store,Reçu par l'expediteur
click store,Reçu par l'expediteur
STE ZG HOME,Reçu par l'expediteur
kouatrouette,Reçu par l'expediteur
ZOOM FASHION,Reçu par l'expediteur
Five star,Reçu par l'expediteur
Five star,Reçu par l'expediteur
MAX GROUPE,Reçu par l'expediteur
click store,Reçu par l'expediteur
click store,Reçu par l'expediteur
click store,Reçu par l'expediteur
Mariem shop,Reçu par l'expediteur
OBLIVIOUS,Reçu par l'expediteur
Tiktak PRO-forumboutique,Reçu par l'expediteur
Mariem shop,Reçu par l'expediteur
Noor Store,Reçu par l'expediteur
Five star,Reçu par l'expediteur
Tiktak PRO-forumboutique,Reçu par l'expediteur
Five star,Reçu par l'expediteur
HISOONTON,Reçu par l'expediteur
Five star,Reçu par l'expediteur
Five star,Reçu par l'expediteur
Five star,Reçu par l'expediteur
Basic Wear - Sparkle,Reçu par l'expediteur
HISOONTON,Reçu par l'expediteur
Prix D'or,Reçu par l'expediteur
HISOONTON,Reçu par l'expediteur
Devcom,Reçu par l'expediteur
HISOONTON,Reçu par l'expediteur
Tout pour la maison,Reçu par l'expediteur
click store,Reçu par l'expediteur
click store,Reçu par l'expediteur
click store,Reçu par l'expediteur
HISOONTON,Reçu par l'expediteur
Five star,Reçu par l'expediteur
Five star,Reçu par l'expediteur
Five star,Reçu par l'expediteur
slah bastaoui,Reçu par l'expediteur
Prix D'or,Reçu par l'expediteur
Prix D'or,Reçu par l'expediteur
Prix D'or,Reçu par l'expediteur
moodreset,Reçu par l'expediteur
Be Happy Shop,Reçu par l'expediteur
moodreset,Reçu par l'expediteur
Tout pour la maison,Reçu par l'expediteur
Mariem shop,Reçu par l'expediteur
Mariem shop,Reçu par l'expediteur
Ste Haddad frères du commerce,Reçu par l'expediteur
Mariem shop,Reçu par l'expediteur
Chamaa store,Reçu par l'expediteur
espaces layouni freres,Reçu par l'expediteur
Oneaday/Maison PROMOTION,Reçu par l'expediteur
espaces layouni freres,Reçu par l'expediteur
TABLEAU PLUS,Reçu par l'expediteur
TABLEAU PLUS,Reçu par l'expediteur
kouatrouette,Reçu par l'expediteur
TABLEAU PLUS,Reçu par l'expediteur
TABLEAU PLUS,Reçu par l'expediteur
TABLEAU PLUS,Reçu par l'expediteur
TABLEAU PLUS,Reçu par l'expediteur
click store,Reçu par l'expediteur
click store,Reçu par l'expediteur
Youce Printdéco,Reçu par l'expediteur
Youce Printdéco,Reçu par l'expediteur
Sabrine,Reçu par l'expediteur
Home bunch,Reçu par l'expediteur
3salbit mouna,Reçu par l'expediteur
nerimen,Reçu par l'expediteur
HISOONTON,Reçu par l'expediteur
HISOONTON,Reçu par l'expediteur
Prix D'or,Reçu par l'expediteur
Salma fashion,Reçu par l'expediteur
Tout pour la maison,Reçu par l'expediteur
HISOONTON,Reçu par l'expediteur
Five star,Reçu par l'expediteur
HISOONTON,Reçu par l'expediteur
Coin D'or,Reçu par l'expediteur
Prix D'or,Reçu par l'expediteur
MD global,Reçu par l'expediteur
Tiktak PRO-forumboutique,Reçu par l'expediteur
Five star,Reçu par l'expediteur
click store,Reçu par l'expediteur
click store,Reçu par l'expediteur
Déco et mobilier plus,Reçu par l'expediteur
Asfour maison d'art,Reçu par l'expediteur
espaces layouni freres,Reçu par l'expediteur
Tout pour la maison,Reçu par l'expediteur
kouatrouette,Reçu par l'expediteur
Youce Printdéco,Reçu par l'expediteur
Youce Printdéco,Reçu par l'expediteur
TABLEAU PLUS,Reçu par l'expediteur
TABLEAU PLUS,Reçu par l'expediteur
TABLEAU PLUS,Reçu par l'expediteur
TABLEAU PLUS,Reçu par l'expediteur
Attia Shop,Reçu par l'expediteur
Attia stores,Reçu par l'expediteur
ZOOM FASHION,Reçu par l'expediteur
click store,Reçu par l'expediteur
click store,Reçu par l'expediteur
Attia Shop,Reçu par l'expediteur
HISOONTON,Reçu par l'expediteur
Attia Shop,Reçu par l'expediteur
Tiktak PRO-forumboutique,Reçu par l'expediteur
Emino store,Reçu par l'expediteur
Trend Fashion,Reçu par l'expediteur
Trend Fashion,Reçu par l'expediteur
MAX GROUPE,Reçu par l'expediteur
Déco et mobilier plus,Reçu par l'expediteur
click store,Reçu par l'expediteur
click store,Reçu par l'expediteur
click store,Reçu par l'expediteur
click store,Reçu par l'expediteur
click store,Reçu par l'expediteur
click store,Reçu par l'expediteur
Tiktak PRO-Griffin Store,Reçu par l'expediteur
nerimen,Reçu par l'expediteur
nerimen,Reçu par l'expediteur
Attia Shop,Reçu par l'expediteur
AGROLINE 01,Reçu par l'expediteur
Waty Shop,Reçu par l'expediteur
Devcom,Reçu par l'expediteur
Attia Shop,Reçu par l'expediteur
HISOONTON,Reçu par l'expediteur
Five star,Reçu par l'expediteur
click store,Reçu par l'expediteur
click store,Reçu par l'expediteur
click store,Reçu par l'expediteur
click store,Reçu par l'expediteur
click store,Reçu par l'expediteur
HISOONTON,Reçu par l'expediteur
QUALITE TRANS,Reçu par l'expediteur
STE ZG HOME,Reçu par l'expediteur
Tiktak PRO-forumboutique,Reçu par l'expediteur
Tiktak PRO-forumboutique,Reçu par l'expediteur
HISOONTON,Reçu par l'expediteur
Prix D'or,Reçu par l'expediteur
LOGISTIKO,Reçu par l'expediteur
LOGISTIKO,Reçu par l'expediteur
Déco et mobilier plus,Reçu par l'expediteur
Déco et mobilier plus,Reçu par l'expediteur
slah bastaoui,Reçu par l'expediteur
Trend Fashion,Reçu par l'expediteur
QUALITE TRANS,Reçu par l'expediteur
QUALITE TRANS,Reçu par l'expediteur
Espace Aymen,Reçu par l'expediteur
Espace Aymen,Reçu par l'expediteur
QUALITE TRANS,Reçu par l'expediteur
Tout pour la maison,Reçu par l'expediteur
QUALITE TRANS,Reçu par l'expediteur
click store,Reçu par l'expediteur
click store,Reçu par l'expediteur
QUALITE TRANS,Reçu par l'expediteur
QUALITE TRANS,Reçu par l'expediteur
QUALITE TRANS,Reçu par l'expediteur
Déco et mobilier plus,Reçu par l'expediteur
Déco et mobilier plus,Reçu par l'expediteur
QUALITE TRANS,Reçu par l'expediteur
Oneaday/Maison PROMOTION,Reçu par l'expediteur
TABLEAU PLUS,Reçu par l'expediteur
TABLEAU PLUS,Reçu par l'expediteur
idol,Reçu par l'expediteur
idol,Reçu par l'expediteur
ZOOM FASHION,Reçu par l'expediteur
click store,Reçu par l'expediteur
click store,Reçu par l'expediteur
click store,Reçu par l'expediteur
click store,Reçu par l'expediteur
Attia Shop,Reçu par l'expediteur
Five star,Reçu par l'expediteur
Slah Tapis,Reçu par l'expediteur
Attia Shop,Reçu par l'expediteur
Société guesmi art design,Reçu par l'expediteur
Société guesmi art design,Reçu par l'expediteur
Five star,Reçu par l'expediteur
HISOONTON,Reçu par l'expediteur
HISOONTON,Reçu par l'expediteur
HISOONTON,Reçu par l'expediteur
Five star,Reçu par l'expediteur
Five star,Reçu par l'expediteur
Attia Shop,Reçu par l'expediteur
tableaux tendance,Reçu par l'expediteur
Prix D'or,Reçu par l'expediteur
Devcom,Reçu par l'expediteur
HISOONTON,Reçu par l'expediteur
Waty Shop,Reçu par l'expediteur
Société Ons,Reçu par l'expediteur
Waty Shop,Reçu par l'expediteur
HISOONTON,Reçu par l'expediteur
HISOONTON,Reçu par l'expediteur
Elle me,Reçu par l'expediteur
click store,Reçu par l'expediteur
click store,Reçu par l'expediteur
click store,Reçu par l'expediteur
Mariem,Reçu par l'expediteur
Mariem,Reçu par l'expediteur
Mariem,Reçu par l'expediteur
Mariem,Reçu par l'expediteur
Five star,Reçu par l'expediteur
R coftan,Reçu par l'expediteur
La ruche miel,Reçu par l'expediteur
Feol,Reçu par l'expediteur
Couverture de prince,Reçu par l'expediteur
Tiktak PRO-forumboutique,Reçu par l'expediteur
Tiktak PRO-Griffin Store,Reçu par l'expediteur
Five star,Reçu par l'expediteur
Five star,Reçu par l'expediteur
Five star,Reçu par l'expediteur
Five star,Reçu par l'expediteur
Five star,Reçu par l'expediteur
Five star,Reçu par l'expediteur
Sywarable,Reçu par l'expediteur
HISOONTON,Reçu par l'expediteur
Five star,Reçu par l'expediteur
Attia Shop,Reçu par l'expediteur
For you,Reçu par l'expediteur
ATC SPORT MAX,Reçu par l'expediteur
click store,Reçu par l'expediteur
click store,Reçu par l'expediteur
click store,Reçu par l'expediteur
click store,Reçu par l'expediteur
click store,Reçu par l'expediteur
click store,Reçu par l'expediteur
click store,Reçu par l'expediteur
click store,Reçu par l'expediteur
R coftan,Reçu par l'expediteur
R coftan,Reçu par l'expediteur
Youce Printdéco,Reçu par l'expediteur
TABLEAU PLUS,Reçu par l'expediteur
TABLEAU PLUS,Reçu par l'expediteur
Tableau S plus 2 grand colis,Reçu par l'expediteur
R coftan,Reçu par l'expediteur
AGROLINE 01,Reçu par l'expediteur
Ste Texport,Reçu par l'expediteur
Espace Aymen,Reçu par l'expediteur
R coftan,Reçu par l'expediteur
Ste Texport,Reçu par l'expediteur
ATC SPORT MAX,Reçu par l'expediteur
ATC SPORT MAX,Reçu par l'expediteur
ATC SPORT MAX,Reçu par l'expediteur
Be Happy Shop,Reçu par l'expediteur
click store,Reçu par l'expediteur
click store,Reçu par l'expediteur
click store,Reçu par l'expediteur
click store,Reçu par l'expediteur
click store,Reçu par l'expediteur
click store,Reçu par l'expediteur
tableaux tendance,Reçu par l'expediteur
tableaux tendance,Reçu par l'expediteur
tableaux tendance,Reçu par l'expediteur
Tout pour la maison,Reçu par l'expediteur
tableaux tendance,Reçu par l'expediteur
Noor Store,Reçu par l'expediteur
Ste Haddad frères du commerce,Reçu par l'expediteur
TABLEAU PLUS,Reçu par l'expediteur
TABLEAU PLUS,Reçu par l'expediteur
TABLEAU PLUS,Reçu par l'expediteur
TABLEAU PLUS,Reçu par l'expediteur
TABLEAU PLUS,Reçu par l'expediteur
TABLEAU PLUS,Reçu par l'expediteur
Youce Printdéco,Reçu par l'expediteur
kouatrouette,Reçu par l'expediteur
Hia Store,Reçu par l'expediteur
WAEL DOCUMENTS,Reçu par l'expediteur
WAEL DOCUMENTS,Reçu par l'expediteur
click store,Reçu par l'expediteur
click store,Reçu par l'expediteur
click store,Reçu par l'expediteur
click store,Reçu par l'expediteur
click store,Reçu par l'expediteur
Style deco,Reçu par l'expediteur
ZOOM FASHION,Reçu par l'expediteur
3salbit mouna,Reçu par l'expediteur
Attia Shop,Reçu par l'expediteur
Tout pour la maison,Reçu par l'expediteur
Sywarable,Reçu par l'expediteur
Attia Shop,Reçu par l'expediteur
Trend Fashion,Reçu par l'expediteur
Trend Fashion,Reçu par l'expediteur
HISOONTON,Reçu par l'expediteur
HISOONTON,Reçu par l'expediteur
HISOONTON,Reçu par l'expediteur
HISOONTON,Reçu par l'expediteur
HISOONTON,Reçu par l'expediteur
Elle me,Reçu par l'expediteur
Devcom,Reçu par l'expediteur
Devcom,Reçu par l'expediteur
HISOONTON,Reçu par l'expediteur
HISOONTON,Reçu par l'expediteur
click store,Reçu par l'expediteur
click store,Reçu par l'expediteur
HISOONTON,Reçu par l'expediteur
Prix D'or,Reçu par l'expediteur
HISOONTON,Reçu par l'expediteur
HISOONTON,Reçu par l'expediteur
HISOONTON,Reçu par l'expediteur
click store,Reçu par l'expediteur
click store,Reçu par l'expediteur
click store,Reçu par l'expediteur
Tout pour la maison,Reçu par l'expediteur
Société Ons,Reçu par l'expediteur
Hia Store,Reçu par l'expediteur
Showroom sousse,Reçu par l'expediteur
MH Sport,Reçu par l'expediteur
MH Sport,Reçu par l'expediteur
Trend Fashion,Reçu par l'expediteur
tableaux tendance,Reçu par l'expediteur
ZOOM FASHION,Reçu par l'expediteur
tableaux tendance,Reçu par l'expediteur
Trend Fashion,Reçu par l'expediteur
ZOOM FASHION,Reçu par l'expediteur
ZOOM FASHION,Reçu par l'expediteur
Five star,Reçu par l'expediteur
Five star,Reçu par l'expediteur
Five star,Reçu par l'expediteur
Five star,Reçu par l'expediteur
Five star,Reçu par l'expediteur
Five star,Reçu par l'expediteur
Five star,Reçu par l'expediteur
Five star,Reçu par l'expediteur
R coftan,Reçu par l'expediteur
click store,Reçu par l'expediteur
click store,Reçu par l'expediteur
click store,Reçu par l'expediteur
click store,Reçu par l'expediteur
click store,Reçu par l'expediteur
Mariem shop,Reçu par l'expediteur
AGROLINE 01,Reçu par l'expediteur
espaces layouni freres,Reçu par l'expediteur
Five star,Reçu par l'expediteur
ZOOM FASHION,Reçu par l'expediteur
ZOOM FASHION,Reçu par l'expediteur
ZOOM FASHION,Reçu par l'expediteur
Waty Shop,Reçu par l'expediteur
Waty Shop,Reçu par l'expediteur
KAYE,Reçu par l'expediteur
Trend Fashion,Reçu par l'expediteur
Mariem,Reçu par l'expediteur
Mariem,Reçu par l'expediteur
Devcom,Reçu par l'expediteur
3salbit mouna,Reçu par l'expediteur
click store,Reçu par l'expediteur
click store,Reçu par l'expediteur
SEI,Reçu par l'expediteur
moodreset,Reçu par l'expediteur
espaces layouni freres,Reçu par l'expediteur
Déco maison,Reçu par l'expediteur
Déco maison,Reçu par l'expediteur
Déco maison,Reçu par l'expediteur
Déco maison,Reçu par l'expediteur
Shopping by sabrine,Reçu par l'expediteur
Déco maison,Reçu par l'expediteur
click store,Reçu par l'expediteur
click store,Reçu par l'expediteur
click store,Reçu par l'expediteur
click store,Reçu par l'expediteur
Tout pour la maison,Reçu par l'expediteur
AGROLINE 01,Reçu par l'expediteur
AGROLINE 01,Reçu par l'expediteur
click store,Reçu par l'expediteur
Five star,Reçu par l'expediteur
Mariem,Reçu par l'expediteur
Modern deco,Reçu par l'expediteur
Modern deco,Reçu par l'expediteur
Five star,Reçu par l'expediteur
moodreset,Reçu par l'expediteur
Five star,Reçu par l'expediteur
moodreset,Reçu par l'expediteur
click store,Reçu par l'expediteur
click store,Reçu par l'expediteur
click store,Reçu par l'expediteur
click store,Reçu par l'expediteur
click store,Reçu par l'expediteur
kouatrouette,Reçu par l'expediteur
kouatrouette,Reçu par l'expediteur
kouatrouette,Reçu par l'expediteur
Youce Printdéco,Reçu par l'expediteur
TABLEAU PLUS,Reçu par l'expediteur
Tableau S plus 2 grand colis,Reçu par l'expediteur
TABLEAU PLUS,Reçu par l'expediteur
tableaux tendance,Reçu par l'expediteur
tableaux tendance,Reçu par l'expediteur
ZOOM FASHION,Reçu par l'expediteur
Royal Shado,Reçu par l'expediteur
Royal Shado,Reçu par l'expediteur
Déco maison,Reçu par l'expediteur
Déco maison,Reçu par l'expediteur
Déco maison,Reçu par l'expediteur
LOGISTIKO,Reçu par l'expediteur
Sys delivery,Reçu par l'expediteur
MAX GROUPE,Reçu par l'expediteur
Déco maison,Reçu par l'expediteur
click store,Reçu par l'expediteur
click store,Reçu par l'expediteur
Home bunch,Reçu par l'expediteur
Mariem,Reçu par l'expediteur
Five star,Reçu par l'expediteur
Déco maison,Reçu par l'expediteur
Déco maison,Reçu par l'expediteur
click store,Reçu par l'expediteur
HISOONTON,Reçu par l'expediteur
Mariem,Reçu par l'expediteur
Déco et mobilier plus,Reçu par l'expediteur
Déco et mobilier plus,Reçu par l'expediteur
Déco et mobilier plus,Reçu par l'expediteur
Déco et mobilier plus,Reçu par l'expediteur
Déco et mobilier plus,Reçu par l'expediteur
CLINFORD,Reçu par l'expediteur
STE ZG HOME,Reçu par l'expediteur
HISOONTON,Reçu par l'expediteur
ZARBITI,Reçu par l'expediteur
R coftan,Reçu par l'expediteur
moodreset,Reçu par l'expediteur
Espace Aymen,Reçu par l'expediteur
click store,Reçu par l'expediteur
click store,Reçu par l'expediteur
click store,Reçu par l'expediteur
click store,Reçu par l'expediteur
Ktebi,Reçu par l'expediteur
Mariem,Reçu par l'expediteur
Rahma,Reçu par l'expediteur
Trend Fashion,Reçu par l'expediteur
Tiktak PRO-Griffin Store,Reçu par l'expediteur
ATC SPORT MAX,Reçu par l'expediteur
ATC SPORT MAX,Reçu par l'expediteur
ATC SPORT MAX,Reçu par l'expediteur
HISOONTON,Reçu par l'expediteur
HISOONTON,Reçu par l'expediteur
ZOOM FASHION,Reçu par l'expediteur
ZOOM FASHION,Reçu par l'expediteur
Devcom,Reçu par l'expediteur
MKD distrubition,Reçu par l'expediteur
Champs Elysée out fit,Reçu par l'expediteur
CLINFORD,Reçu par l'expediteur
HISOONTON,Reçu par l'expediteur
Lella diamanta,Reçu par l'expediteur
tuni-land 2,Reçu par l'expediteur
Baby shop,Reçu par l'expediteur
Baby shop,Reçu par l'expediteur
idol,Reçu par l'expediteur
idol,Reçu par l'expediteur
ATC SPORT MAX,Reçu par l'expediteur
MH Sport,Reçu par l'expediteur
Trend Fashion,Reçu par l'expediteur
Tiktak PRO-Griffin Store,Reçu par l'expediteur
Tiktak PRO-Griffin Store,Reçu par l'expediteur
MH Sport,Reçu par l'expediteur
HISOONTON,Reçu par l'expediteur
Espace cocon,Reçu par l'expediteur
Best & New Carpet,Reçu par l'expediteur
Prix D'or,Reçu par l'expediteur
HISOONTON,Reçu par l'expediteur
Prix D'or,Reçu par l'expediteur
HISOONTON,Reçu par l'expediteur
HISOONTON,Reçu par l'expediteur
Déco et mobilier plus,Reçu par l'expediteur
Déco et mobilier plus,Reçu par l'expediteur
Elle me,Reçu par l'expediteur
HISOONTON,Reçu par l'expediteur
HISOONTON,Reçu par l'expediteur
espaces layouni freres,Reçu par l'expediteur
ZOOM FASHION,Reçu par l'expediteur
ZOOM FASHION,Reçu par l'expediteur
ZOOM FASHION,Reçu par l'expediteur
Déco maison,Reçu par l'expediteur
SAB STORE,Reçu par l'expediteur
Déco maison,Reçu par l'expediteur
SAB STORE,Reçu par l'expediteur
Sys delivery,Reçu par l'expediteur
Déco maison,Reçu par l'expediteur
Basic Wear - Sparkle,Reçu par l'expediteur
Déco maison,Reçu par l'expediteur
Ktebi,Reçu par l'expediteur
Ktebi,Reçu par l'expediteur
Déco maison,Reçu par l'expediteur
Déco maison,Reçu par l'expediteur
Déco maison,Reçu par l'expediteur
click store,Reçu par l'expediteur
click store,Reçu par l'expediteur
click store,Reçu par l'expediteur
click store,Reçu par l'expediteur
click store,Reçu par l'expediteur
Déco maison,Reçu par l'expediteur
STE ZG HOME,Reçu par l'expediteur
Ste Haddad frères du commerce,Reçu par l'expediteur
Ste Haddad frères du commerce,Reçu par l'expediteur
Youce Printdéco,Reçu par l'expediteur
idol,Reçu par l'expediteur
Champs Elysée out fit,Reçu par l'expediteur
Basic Wear - Sparkle,Reçu par l'expediteur
big store,Reçu par l'expediteur
go shop prime,Reçu par l'expediteur
Youce Printdéco,Reçu par l'expediteur
Tableau S plus 2 grand colis,Reçu par l'expediteur
Youce Printdéco,Reçu par l'expediteur
Youce Printdéco,Reçu par l'expediteur
Tableau S plus 2 grand colis,Reçu par l'expediteur
TABLEAU PLUS,Reçu par l'expediteur
TABLEAU PLUS,Reçu par l'expediteur
TABLEAU PLUS,Reçu par l'expediteur
TABLEAU PLUS,Reçu par l'expediteur
TABLEAU PLUS,Reçu par l'expediteur
AGORA.TN EL GHAZELA,Reçu par l'expediteur
tableaux tendance,Reçu par l'expediteur
tableaux tendance,Reçu par l'expediteur
tableaux tendance,Reçu par l'expediteur
TABLEAU PLUS,Reçu par l'expediteur
kouatrouette,Reçu par l'expediteur
kouatrouette,Reçu par l'expediteur
Youce Printdéco,Reçu par l'expediteur
Youce Printdéco,Reçu par l'expediteur
TABLEAU PLUS,Reçu par l'expediteur
TABLEAU PLUS,Reçu par l'expediteur
TABLEAU PLUS,Reçu par l'expediteur
HISOONTON,Reçu par l'expediteur
HISOONTON,Reçu par l'expediteur
HISOONTON,Reçu par l'expediteur
Elle me,Reçu par l'expediteur
Maison NG,Reçu par l'expediteur
Mariem,Reçu par l'expediteur
MAX GROUPE,Reçu par l'expediteur
click store,Reçu par l'expediteur
click store,Reçu par l'expediteur
click store,Reçu par l'expediteur
Ste Texport,Reçu par l'expediteur
STE ZG HOME,Reçu par l'expediteur
TN Store,Reçu par l'expediteur
ZOOM FASHION,Reçu par l'expediteur
ZOOM FASHION,Reçu par l'expediteur
Lella diamanta,Reçu par l'expediteur
Devcom,Reçu par l'expediteur
HISOONTON,Reçu par l'expediteur
HISOONTON,Reçu par l'expediteur
STE ZG HOME,Reçu par l'expediteur
Trend Fashion,Reçu par l'expediteur
Trend Fashion,Reçu par l'expediteur
HISOONTON,Reçu par l'expediteur
Trend Fashion,Reçu par l'expediteur
Champs Elysée out fit,Reçu par l'expediteur
Dalel Darek,Reçu par l'expediteur
AGORA.TN EL GHAZELA,Reçu par l'expediteur
Elle me,Reçu par l'expediteur
Trend Fashion,Reçu par l'expediteur
Trend Fashion,Reçu par l'expediteur
Trend Fashion,Reçu par l'expediteur
click store,Reçu par l'expediteur
Five star,Reçu par l'expediteur
Prix D'or,Reçu par l'expediteur
STE ZG HOME,Reçu par l'expediteur
HISOONTON,Reçu par l'expediteur
Couverture de prince,Reçu par l'expediteur
CLINFORD,Reçu par l'expediteur
CLINFORD,Reçu par l'expediteur
Five star,Reçu par l'expediteur
Five star,Reçu par l'expediteur
click store,Reçu par l'expediteur
click store,Reçu par l'expediteur
Sys delivery,Reçu par l'expediteur
espaces layouni freres,Reçu par l'expediteur
Prix D'or,Reçu par l'expediteur
Miel Boumiza,Reçu par l'expediteur
Sys delivery,Reçu par l'expediteur
Sys delivery,Reçu par l'expediteur
Sys delivery,Reçu par l'expediteur
Déco maison,Reçu par l'expediteur
Five star,Reçu par l'expediteur
Déco maison,Reçu par l'expediteur
HISOONTON,Reçu par l'expediteur
Mariem,Reçu par l'expediteur
Mariem,Reçu par l'expediteur
HISOONTON,Reçu par l'expediteur
Tunisia mall,Reçu par l'expediteur
Tunisia mall,Reçu par l'expediteur
Tunisia mall,Reçu par l'expediteur
Tunisia mall,Reçu par l'expediteur
Tunisia mall,Reçu par l'expediteur
Tunisia mall,Reçu par l'expediteur
Tunisia mall,Reçu par l'expediteur
Tunisia mall,Reçu par l'expediteur
HISOONTON,Reçu par l'expediteur
AGROLINE 01,Reçu par l'expediteur
Five star,Reçu par l'expediteur
Five star,Reçu par l'expediteur
Blue Body,Reçu par l'expediteur
Déco maison,Reçu par l'expediteur
HISOONTON,Reçu par l'expediteur
moodreset,Reçu par l'expediteur
Espace Aymen,Reçu par l'expediteur
HISOONTON,Reçu par l'expediteur
Déco maison,Reçu par l'expediteur
Ktebi,Reçu par l'expediteur
Ktebi,Reçu par l'expediteur
HISOONTON,Reçu par l'expediteur
HISOONTON,Reçu par l'expediteur
Be Happy Shop,Reçu par l'expediteur
Blue Body,Reçu par l'expediteur
Blue Body,Reçu par l'expediteur
Blue Body,Reçu par l'expediteur
Blue Body,Reçu par l'expediteur
ATC SPORT MAX,Reçu par l'expediteur
ZOOM FASHION,Reçu par l'expediteur
ZOOM FASHION,Reçu par l'expediteur
Miel Boumiza,Reçu par l'expediteur
STE ZG HOME,Reçu par l'expediteur
ZOOM FASHION,Reçu par l'expediteur
idol,Reçu par l'expediteur
Blue Body,Reçu par l'expediteur
Oume Koukou,Reçu par l'expediteur
Blue Body,Reçu par l'expediteur
Ktebi,Reçu par l'expediteur
kouatrouette,Reçu par l'expediteur
kouatrouette,Reçu par l'expediteur
tableaux tendance,Reçu par l'expediteur
Youce Printdéco,Reçu par l'expediteur
Youce Printdéco,Reçu par l'expediteur
kouatrouette,Reçu par l'expediteur
TABLEAU PLUS,Reçu par l'expediteur
TABLEAU PLUS,Reçu par l'expediteur
TABLEAU PLUS,Reçu par l'expediteur
SAF EXPRESS,Reçu par l'expediteur
Solde.tn,Reçu par l'expediteur
Solde.tn,Reçu par l'expediteur
idol,Reçu par l'expediteur
idol,Reçu par l'expediteur
idol,Reçu par l'expediteur
Tout pour la maison,Reçu par l'expediteur
idol,Reçu par l'expediteur
idol,Reçu par l'expediteur
idol,Reçu par l'expediteur
SAF EXPRESS,Reçu par l'expediteur
Devcom,Reçu par l'expediteur
Tout pour la maison,Reçu par l'expediteur
Feol,Reçu par l'expediteur
Mariem,Reçu par l'expediteur
Lux housse,Reçu par l'expediteur
Dalel Darek,Reçu par l'expediteur
click store,Reçu par l'expediteur
Tiktak PRO-forumboutique,Reçu par l'expediteur
Five star,Reçu par l'expediteur
Five star,Reçu par l'expediteur
Five star,Reçu par l'expediteur
HISOONTON,Reçu par l'expediteur
Prix D'or,Reçu par l'expediteur
HISOONTON,Reçu par l'expediteur
LOGISTIKO,Reçu par l'expediteur
LOGISTIKO,Reçu par l'expediteur
Five star,Reçu par l'expediteur
Five star,Reçu par l'expediteur
HISOONTON,Reçu par l'expediteur
HISOONTON,Reçu par l'expediteur
moodreset,Reçu par l'expediteur
HISOONTON,Reçu par l'expediteur
Tunisia mall,Reçu par l'expediteur
Tunisia mall,Reçu par l'expediteur
Tunisia shop,Reçu par l'expediteur
Tunisia shop,Reçu par l'expediteur
Espace Aymen,Reçu par l'expediteur
Five star,Reçu par l'expediteur
QUALITE TRANS,Reçu par l'expediteur
tableaux tendance,Reçu par l'expediteur
Youce Printdéco,Reçu par l'expediteur
Youce Printdéco,Reçu par l'expediteur
TABLEAU PLUS,Reçu par l'expediteur
TABLEAU PLUS,Reçu par l'expediteur
LOGISTIKO,Reçu par l'expediteur
Tunisia shop,Reçu par l'expediteur
Tunisia shop,Reçu par l'expediteur
Tunisia shop,Reçu par l'expediteur
shopping by feriel,Reçu par l'expediteur
Mariem,Reçu par l'expediteur
Mariem,Reçu par l'expediteur
LOGISTIKO,Reçu par l'expediteur
LOGISTIKO,Reçu par l'expediteur
STE ZG HOME,Reçu par l'expediteur
LOGISTIKO,Reçu par l'expediteur
Five star,Reçu par l'expediteur
Five star,Reçu par l'expediteur
Five star,Reçu par l'expediteur
Five star,Reçu par l'expediteur
STE ZG HOME,Reçu par l'expediteur
Blue Body,Reçu par l'expediteur
HISOONTON,Reçu par l'expediteur
HISOONTON,Reçu par l'expediteur
HISOONTON,Reçu par l'expediteur
HISOONTON,Reçu par l'expediteur
HISOONTON,Reçu par l'expediteur
QUALITE TRANS,Reçu par l'expediteur
Blue Body,Reçu par l'expediteur
LOGISTIKO,Reçu par l'expediteur
LOGISTIKO,Reçu par l'expediteur
Prix D'or,Reçu par l'expediteur
QUALITE TRANS,Reçu par l'expediteur
click store,Reçu par l'expediteur
Elle me,Reçu par l'expediteur
Homey collection,Reçu par l'expediteur
QUALITE TRANS,Reçu par l'expediteur
LOGISTIKO,Reçu par l'expediteur
Tiktak PRO-Griffin Store,Reçu par l'expediteur
Tiktak PRO-Griffin Store,Reçu par l'expediteur
QUALITE TRANS,Reçu par l'expediteur
QUALITE TRANS,Reçu par l'expediteur
HISOONTON,Reçu par l'expediteur
Oneaday/Maison PROMOTION,Reçu par l'expediteur
Couverture de prince,Reçu par l'expediteur
Boys in the hood,Reçu par l'expediteur
Zed delivery,Reçu par l'expediteur
CM EXTRA,Reçu par l'expediteur
Zed delivery,Reçu par l'expediteur
QUALITE TRANS,Reçu par l'expediteur
HISOONTON,Reçu par l'expediteur
HISOONTON,Reçu par l'expediteur
HISOONTON,Reçu par l'expediteur
HISOONTON,Reçu par l'expediteur
HISOONTON,Reçu par l'expediteur
HISOONTON,Reçu par l'expediteur
tableaux tendance,Reçu par l'expediteur
Blue Body,Reçu par l'expediteur
Tunisia mall,Reçu par l'expediteur
WAEL DOCUMENTS,Reçu par l'expediteur
HISOONTON,Reçu par l'expediteur
HISOONTON,Reçu par l'expediteur
HISOONTON,Reçu par l'expediteur
Tunisia mall,Reçu par l'expediteur
Tunisia mall,Reçu par l'expediteur
Tunisia mall,Reçu par l'expediteur
Tunisia mall,Reçu par l'expediteur
Blue Body,Reçu par l'expediteur
Ste Haddad frères du commerce,Reçu par l'expediteur
Blue Body,Reçu par l'expediteur
Blue Body,Reçu par l'expediteur
Blue Body,Reçu par l'expediteur
TABLEAU PLUS,Reçu par l'expediteur
TABLEAU PLUS,Reçu par l'expediteur
TABLEAU PLUS,Reçu par l'expediteur
TABLEAU PLUS,Reçu par l'expediteur
Youce Printdéco,Reçu par l'expediteur
kouatrouette,Reçu par l'expediteur
Blue Body,Reçu par l'expediteur
Five star,Reçu par l'expediteur
Five star,Reçu par l'expediteur
ZOOM FASHION,Reçu par l'expediteur
HISOONTON,Reçu par l'expediteur
Five star,Reçu par l'expediteur
HISOONTON,Reçu par l'expediteur
idol,Reçu par l'expediteur
Five star,Reçu par l'expediteur
Tunisia mall,Reçu par l'expediteur
Zizou articles,Reçu par l'expediteur
Blue Body,Reçu par l'expediteur
TN Store,Reçu par l'expediteur
Five star,Reçu par l'expediteur
Feol,Reçu par l'expediteur
Five star,Reçu par l'expediteur
Five star,Reçu par l'expediteur
la ruche,Reçu par l'expediteur
tableaux tendance,Reçu par l'expediteur
tableaux tendance,Reçu par l'expediteur
Devcom,Reçu par l'expediteur
HISOONTON,Reçu par l'expediteur
HISOONTON,Reçu par l'expediteur
HISOONTON,Reçu par l'expediteur
HISOONTON,Reçu par l'expediteur
HISOONTON,Reçu par l'expediteur
Tiktak PRO-forumboutique,Reçu par l'expediteur
HISOONTON,Reçu par l'expediteur
HISOONTON,Reçu par l'expediteur
Basic Wear - Sparkle,Reçu par l'expediteur
trend blog,Reçu par l'expediteur
Déco maison,Reçu par l'expediteur
Déco maison,Reçu par l'expediteur
Déco maison,Reçu par l'expediteur
Déco maison,Reçu par l'expediteur
Elle me,Reçu par l'expediteur
Déco maison,Reçu par l'expediteur
Déco maison,Reçu par l'expediteur
HISOONTON,Reçu par l'expediteur
HISOONTON,Reçu par l'expediteur
HISOONTON,Reçu par l'expediteur
Déco maison,Reçu par l'expediteur
Déco maison,Reçu par l'expediteur
Tableau S plus 2 grand colis,Reçu par l'expediteur
kouatrouette,Reçu par l'expediteur
TABLEAU PLUS,Reçu par l'expediteur
kouatrouette,Reçu par l'expediteur
Youce Printdéco,Reçu par l'expediteur
Youce Printdéco,Reçu par l'expediteur
Youce Printdéco,Reçu par l'expediteur
ZOOM FASHION,Reçu par l'expediteur
MAX GROUPE,Reçu par l'expediteur
HISOONTON,Reçu par l'expediteur
Tout pour la maison,Reçu par l'expediteur
ZOOM FASHION,Reçu par l'expediteur
Elle me,Reçu par l'expediteur
tableaux tendance,Reçu par l'expediteur
tableaux tendance,Reçu par l'expediteur
HISOONTON,Reçu par l'expediteur
HISOONTON,Reçu par l'expediteur
ZOOM FASHION,Reçu par l'expediteur
Youssef Saidi,Reçu par l'expediteur
Youssef Saidi,Reçu par l'expediteur
HISOONTON,Reçu par l'expediteur
HISOONTON,Reçu par l'expediteur
HISOONTON,Reçu par l'expediteur
ZOOM FASHION,Reçu par l'expediteur
HISOONTON,Reçu par l'expediteur
HISOONTON,Reçu par l'expediteur
HISOONTON,Reçu par l'expediteur
HISOONTON,Reçu par l'expediteur
HISOONTON,Reçu par l'expediteur
HISOONTON,Reçu par l'expediteur
MAX GROUPE,Reçu par l'expediteur
Tunisia mall,Reçu par l'expediteur
Espace Aymen,Reçu par l'expediteur
Espace Aymen,Reçu par l'expediteur
Espace Aymen,Reçu par l'expediteur
Espace Aymen,Reçu par l'expediteur
Miel Boumiza,Reçu par l'expediteur
kouatrouette,Reçu par l'expediteur
TABLEAU PLUS,Reçu par l'expediteur
kouatrouette,Reçu par l'expediteur
TABLEAU PLUS,Reçu par l'expediteur
TABLEAU PLUS,Reçu par l'expediteur
espaces tyton,Reçu par l'expediteur
espaces tyton,Reçu par l'expediteur
espaces tyton,Reçu par l'expediteur
Feol,Reçu par l'expediteur
espaces tyton,Reçu par l'expediteur
Waty Shop,Reçu par l'expediteur
Waty Shop,Reçu par l'expediteur
Devcom,Reçu par l'expediteur
Baby shop,Reçu par l'expediteur
HISOONTON,Reçu par l'expediteur
HISOONTON,Reçu par l'expediteur
MAX GROUPE,Reçu par l'expediteur
Youssef Saidi,Reçu par l'expediteur
Youssef Saidi,Reçu par l'expediteur
Dalel Darek,Reçu par l'expediteur
HISOONTON,Reçu par l'expediteur
HISOONTON,Reçu par l'expediteur
ZARBITI,Reçu par l'expediteur
Zed delivery,Reçu par l'expediteur
HISOONTON,Reçu par l'expediteur
HISOONTON,Reçu par l'expediteur
HISOONTON,Reçu par l'expediteur
HISOONTON,Reçu par l'expediteur
Elle me,Reçu par l'expediteur
HISOONTON,Reçu par l'expediteur
Ste Haddad frères du commerce,Reçu par l'expediteur
Miel Boumiza,Reçu par l'expediteur
Elle me,Reçu par l'expediteur
WAEL DOCUMENTS,Reçu par l'expediteur
ZARBITI,Reçu par l'expediteur
Ste Haddad frères du commerce,Reçu par l'expediteur
trend blog,Reçu par l'expediteur
Déco maison,Reçu par l'expediteur
ZARBITI,Reçu par l'expediteur
Déco maison,Reçu par l'expediteur
ZARBITI,Reçu par l'expediteur
Déco maison,Reçu par l'expediteur
WAEL DOCUMENTS,Reçu par l'expediteur
Tunisia mall,Reçu par l'expediteur
Tunisia mall,Reçu par l'expediteur
Tunisia mall,Reçu par l'expediteur
Tunisia mall,Reçu par l'expediteur
Déco maison,Reçu par l'expediteur
Déco maison,Reçu par l'expediteur
Tout pour la maison,Reçu par l'expediteur
Déco maison,Reçu par l'expediteur
Déco maison,Reçu par l'expediteur
Elghanja Ettounsia,Reçu par l'expediteur
Frip live,Reçu par l'expediteur
fripe FM,Reçu par l'expediteur
MAX GROUPE,Reçu par l'expediteur
Youssef Saidi,Reçu par l'expediteur
Youssef Saidi,Reçu par l'expediteur
Déco maison,Reçu par l'expediteur
Déco maison,Reçu par l'expediteur
Déco maison,Reçu par l'expediteur
Tunisia mall,Reçu par l'expediteur
Tunisia mall,Reçu par l'expediteur
big store,Reçu par l'expediteur
Ste Haddad frères du commerce,Reçu par l'expediteur
WAEL DOCUMENTS,Reçu par l'expediteur
MAX GROUPE,Reçu par l'expediteur
SAB STORE,Reçu par l'expediteur
Sys delivery,Reçu par l'expediteur
Sys delivery,Reçu par l'expediteur
Sys delivery,Reçu par l'expediteur
Youssef Saidi,Reçu par l'expediteur
big store,Reçu par l'expediteur
WAEL DOCUMENTS,Reçu par l'expediteur
TABLEAU PLUS,Reçu par l'expediteur
big store,Reçu par l'expediteur
TABLEAU PLUS,Reçu par l'expediteur
Ideal Home,Reçu par l'expediteur
TABLEAU PLUS,Reçu par l'expediteur
Ste Haddad frères du commerce,Reçu par l'expediteur
tableaux tendance,Reçu par l'expediteur
TABLEAU PLUS,Reçu par l'expediteur
TABLEAU PLUS,Reçu par l'expediteur
kouatrouette,Reçu par l'expediteur
TABLEAU PLUS,Reçu par l'expediteur
Youce Printdéco,Reçu par l'expediteur
Youce Printdéco,Reçu par l'expediteur
Youce Printdéco,Reçu par l'expediteur
Youce Printdéco,Reçu par l'expediteur
Youce Printdéco,Reçu par l'expediteur
Prix D'or,Reçu par l'expediteur
Fashion clic prime,Reçu par l'expediteur
SAB STORE,Reçu par l'expediteur
Style deco,Reçu par l'expediteur
baby cute,Reçu par l'expediteur
baby cute,Reçu par l'expediteur
HISOONTON,Reçu par l'expediteur
HISOONTON,Reçu par l'expediteur
SAB STORE,Reçu par l'expediteur
ZOOM FASHION,Reçu par l'expediteur
Tout pour la maison,Reçu par l'expediteur
Rahma,Reçu par l'expediteur
trend blog,Reçu par l'expediteur
trend blog,Reçu par l'expediteur
HISOONTON,Reçu par l'expediteur
Elle me,Reçu par l'expediteur
Espace Aymen,Reçu par l'expediteur
big store,Reçu par l'expediteur
trend blog,Reçu par l'expediteur
trend blog,Reçu par l'expediteur
les bonnes affaires,Reçu par l'expediteur
fripe FM,Reçu par l'expediteur
HISOONTON,Reçu par l'expediteur
HISOONTON,Reçu par l'expediteur
HISOONTON,Reçu par l'expediteur
Clothes Fashion,Reçu par l'expediteur
MAX GROUPE,Reçu par l'expediteur
tuni-land 2,Reçu par l'expediteur
WAEL DOCUMENTS,Reçu par l'expediteur
tuni-land 2,Reçu par l'expediteur
Tout pour la maison,Reçu par l'expediteur
tuni-land 2,Reçu par l'expediteur
tuni-land 2,Reçu par l'expediteur
tuni-land 2,Reçu par l'expediteur
tuni-land 2,Reçu par l'expediteur
tuni-land 2,Reçu par l'expediteur
Mariem shop,Reçu par l'expediteur
Oneaday/Maison PROMOTION,Reçu par l'expediteur
ATC SPORT MAX,Reçu par l'expediteur
Tout pour la maison,Reçu par l'expediteur
WAEL DOCUMENTS,Reçu par l'expediteur
Waty Shop,Reçu par l'expediteur
Mariem,Reçu par l'expediteur
Mariem,Reçu par l'expediteur
HISOONTON,Reçu par l'expediteur
Devcom,Reçu par l'expediteur
tableaux tendance,Reçu par l'expediteur
tableaux tendance,Reçu par l'expediteur
HISOONTON,Reçu par l'expediteur
HISOONTON,Reçu par l'expediteur
tableaux tendance,Reçu par l'expediteur
tableaux tendance,Reçu par l'expediteur
tableaux tendance,Reçu par l'expediteur
HISOONTON,Reçu par l'expediteur
tableaux tendance,Reçu par l'expediteur
Mariem,Reçu par l'expediteur
Mariem,Reçu par l'expediteur
Mariem,Reçu par l'expediteur
Mariem,Reçu par l'expediteur
Mariem,Reçu par l'expediteur
HISOONTON,Reçu par l'expediteur
MD global,Reçu par l'expediteur
Youssef Saidi,Reçu par l'expediteur
Youssef Saidi,Reçu par l'expediteur
Fashion clic prime,Reçu par l'expediteur
big store,Reçu par l'expediteur
Tout pour la maison,Reçu par l'expediteur
Colis du sud,Reçu par l'expediteur
secret de beauty prime,Reçu par l'expediteur
SAB STORE,Reçu par l'expediteur
Tiktak PRO-forumboutique,Reçu par l'expediteur
Tiktak PRO-forumboutique,Reçu par l'expediteur
Tiktak PRO-forumboutique,Reçu par l'expediteur
Tiktak PRO-forumboutique,Reçu par l'expediteur
Tunisia mall,Reçu par l'expediteur
Tunisia mall,Reçu par l'expediteur
Tunisia mall,Reçu par l'expediteur
Tunisia mall,Reçu par l'expediteur
Tunisia mall,Reçu par l'expediteur
HISOONTON,Reçu par l'expediteur
HISOONTON,Reçu par l'expediteur
MAX GROUPE,Reçu par l'expediteur
Ste Haddad frères du commerce,Reçu par l'expediteur
Youssef Saidi,Reçu par l'expediteur
Youssef Saidi,Reçu par l'expediteur
Youssef Saidi,Reçu par l'expediteur
Youssef Saidi,Reçu par l'expediteur
Youssef Saidi,Reçu par l'expediteur
CM EXTRA,Reçu par l'expediteur
Ste Haddad frères du commerce,Reçu par l'expediteur
TABLEAU PLUS,Reçu par l'expediteur
kouatrouette,Reçu par l'expediteur
TABLEAU PLUS,Reçu par l'expediteur
TABLEAU PLUS,Reçu par l'expediteur
Youce Printdéco,Reçu par l'expediteur
Youce Printdéco,Reçu par l'expediteur
Waty Shop,Reçu par l'expediteur
Waty Shop,Reçu par l'expediteur
Mariem,Reçu par l'expediteur
Mariem,Reçu par l'expediteur
Mariem,Reçu par l'expediteur
Mariem,Reçu par l'expediteur
HISOONTON,Reçu par l'expediteur
Prix D'or,Reçu par l'expediteur
HISOONTON,Reçu par l'expediteur
ZOOM FASHION,Reçu par l'expediteur
Sys delivery,Reçu par l'expediteur
HISOONTON,Reçu par l'expediteur
HISOONTON,Reçu par l'expediteur
MAX GROUPE,Reçu par l'expediteur
MAX GROUPE,Reçu par l'expediteur
Youssef Saidi,Reçu par l'expediteur
Youssef Saidi,Reçu par l'expediteur
HISOONTON,Reçu par l'expediteur
Frip fi darek,Reçu par l'expediteur
SAF EXPRESS,Reçu par l'expediteur
HISOONTON,Reçu par l'expediteur
tableaux tendance,Reçu par l'expediteur
tableaux tendance,Reçu par l'expediteur
tuni-land 2,Reçu par l'expediteur
Youssef Saidi,Reçu par l'expediteur
Youssef Saidi,Reçu par l'expediteur
Tunisia mall,Reçu par l'expediteur
Tunisia mall,Reçu par l'expediteur
Tunisia mall,Reçu par l'expediteur
Tunisia mall,Reçu par l'expediteur
Oneaday/Maison PROMOTION,Reçu par l'expediteur
Ste Haddad frères du commerce,Reçu par l'expediteur
big store,Reçu par l'expediteur
big store,Reçu par l'expediteur
TABLEAU PLUS,Reçu par l'expediteur
TABLEAU PLUS,Reçu par l'expediteur
big store,Reçu par l'expediteur
Zed delivery,Reçu par l'expediteur
big store,Reçu par l'expediteur
Mariem,Reçu par l'expediteur
Mariem,Reçu par l'expediteur
Trend Fashion,Reçu par l'expediteur
ZOOM FASHION,Reçu par l'expediteur
Trend Fashion,Reçu par l'expediteur
Trend Fashion,Reçu par l'expediteur
HISOONTON,Reçu par l'expediteur
ZOOM FASHION,Reçu par l'expediteur
HISOONTON,Reçu par l'expediteur
Mariem,Reçu par l'expediteur
Mariem,Reçu par l'expediteur
Mariem,Reçu par l'expediteur
Mariem,Reçu par l'expediteur
Mariem,Reçu par l'expediteur
Mariem,Reçu par l'expediteur
HISOONTON,Reçu par l'expediteur
Zed delivery,Reçu par l'expediteur
Zed delivery,Reçu par l'expediteur
tableaux tendance,Reçu par l'expediteur
tableaux tendance,Reçu par l'expediteur
big store,Reçu par l'expediteur
tuni-land 2,Reçu par l'expediteur
Basic Wear - Sparkle,Reçu par l'expediteur
Youssef Saidi,Reçu par l'expediteur
Youssef Saidi,Reçu par l'expediteur
Youssef Saidi,Reçu par l'expediteur
Youssef Saidi,Reçu par l'expediteur
Youssef Saidi,Reçu par l'expediteur
ali express,Reçu par l'expediteur
Miss chic vip,Reçu par l'expediteur
ali express,Reçu par l'expediteur
chez princesse,Reçu par l'expediteur
chez princesse,Reçu par l'expediteur
chez princesse,Reçu par l'expediteur
Mariem shop,Reçu par l'expediteur
HISOONTON,Reçu par l'expediteur
fripe FM,Reçu par l'expediteur
fripe FM,Reçu par l'expediteur
LOGISTIKO,Reçu par l'expediteur
Darii market,Reçu par l'expediteur
Dalel Darek,Reçu par l'expediteur
Dalel Darek,Reçu par l'expediteur
HISOONTON,Reçu par l'expediteur
tableaux tendance,Reçu par l'expediteur
tableaux tendance,Reçu par l'expediteur
SELECT.TN,Reçu par l'expediteur
Tiktak PRO-tunxia-Nova Store,Reçu par l'expediteur
Tiktak PRO-tunxia-Nova Store,Reçu par l'expediteur
fripe unique,Reçu par l'expediteur
tuni-land 2,Reçu par l'expediteur
go shop prime,Reçu par l'expediteur
big store,Reçu par l'expediteur
big store,Reçu par l'expediteur
trust delivery,Reçu par l'expediteur
trust delivery,Reçu par l'expediteur
QUALITE TRANS,Reçu par l'expediteur
QUALITE TRANS,Reçu par l'expediteur
O STORE,Reçu par l'expediteur
O STORE,Reçu par l'expediteur
trust delivery,Reçu par l'expediteur
O STORE,Reçu par l'expediteur
Tiktak PRO-tunxia-Nova Store,Reçu par l'expediteur
secret de beauty prime,Reçu par l'expediteur
go shop prime,Reçu par l'expediteur
secret de beauty prime,Reçu par l'expediteur
go shop prime,Reçu par l'expediteur
Tunisia mall,Reçu par l'expediteur
Tunisia mall,Reçu par l'expediteur
Tunisia mall,Reçu par l'expediteur
tuni-land 2,Reçu par l'expediteur
trust delivery,Reçu par l'expediteur
trust delivery,Reçu par l'expediteur
Predator PC Giex,Reçu par l'expediteur
QUALITE TRANS,Reçu par l'expediteur
QUALITE TRANS,Reçu par l'expediteur
trust delivery,Reçu par l'expediteur
tuni-land 2,Reçu par l'expediteur
tuni-land 2,Reçu par l'expediteur
Déco maison,Reçu par l'expediteur
Prix D'or,Reçu par l'expediteur
Prix D'or,Reçu par l'expediteur
SAB STORE,Reçu par l'expediteur
Fashion store 3,Reçu par l'expediteur
MAISON PHARMA,Reçu par l'expediteur
Espace Aymen,Reçu par l'expediteur
hama frippe,Reçu par l'expediteur
Art de tapis,Reçu par l'expediteur
Best & New Carpet,Reçu par l'expediteur
SODEG,Reçu par l'expediteur
Youce Printdéco,Reçu par l'expediteur
TABLEAU PLUS,Reçu par l'expediteur
kouatrouette,Reçu par l'expediteur
Youce Printdéco,Reçu par l'expediteur
Youce Printdéco,Reçu par l'expediteur
Basic Wear - Sparkle,Reçu par l'expediteur
HISOONTON,Reçu par l'expediteur
ZOOM FASHION,Reçu par l'expediteur
ZOOM FASHION,Reçu par l'expediteur
Prix D'or,Reçu par l'expediteur
ZOOM FASHION,Reçu par l'expediteur
Prix D'or,Reçu par l'expediteur
Glowise Store,Reçu par l'expediteur
Espace Aymen,Reçu par l'expediteur
Khouloud ben youssef,Reçu par l'expediteur
secret de beauty prime,Reçu par l'expediteur
MAISON PHARMA,Reçu par l'expediteur
kouatrouette,Reçu par l'expediteur
kouatrouette,Reçu par l'expediteur
TABLEAU PLUS,Reçu par l'expediteur
kouatrouette,Reçu par l'expediteur
TABLEAU PLUS,Reçu par l'expediteur
Youce Printdéco,Reçu par l'expediteur
trust delivery,Reçu par l'expediteur
HISOONTON,Reçu par l'expediteur
HISOONTON,Reçu par l'expediteur
tableaux tendance,Reçu par l'expediteur
HISOONTON,Reçu par l'expediteur
HISOONTON,Reçu par l'expediteur
Déco maison,Reçu par l'expediteur
Khouloud ben youssef,Reçu par l'expediteur
Déco maison,Reçu par l'expediteur
Déco maison,Reçu par l'expediteur
Déco maison,Reçu par l'expediteur
WAEL DOCUMENTS,Reçu par l'expediteur
Marwa ghodbaen,Reçu par l'expediteur
Marwa ghodbaen,Reçu par l'expediteur
Marwa ghodbaen,Reçu par l'expediteur
Marwa ghodbaen,Reçu par l'expediteur
Accessoires Shopping,Reçu par l'expediteur
Déco maison,Reçu par l'expediteur
Déco maison,Reçu par l'expediteur
Déco maison,Reçu par l'expediteur
Déco maison,Reçu par l'expediteur
Déco maison,Reçu par l'expediteur
Déco maison,Reçu par l'expediteur
Déco maison,Reçu par l'expediteur
Bayti Shopping,Reçu par l'expediteur
Déco maison,Reçu par l'expediteur
Accessoires Shopping,Reçu par l'expediteur
Blue Body,Reçu par l'expediteur
tableaux tendance,Reçu par l'expediteur
TABLEAU PLUS,Reçu par l'expediteur
Youce Printdéco,Reçu par l'expediteur
Youce Printdéco,Reçu par l'expediteur
Sys delivery,Reçu par l'expediteur
SIMEX,Reçu par l'expediteur
ali express,Reçu par l'expediteur
HISOONTON,Reçu par l'expediteur
Royal Shado,Reçu par l'expediteur
Sys delivery,Reçu par l'expediteur
Trend Fashion,Reçu par l'expediteur
Perfect Arômes,Reçu par l'expediteur
Marwa ghodbaen,Reçu par l'expediteur
Marwa ghodbaen,Reçu par l'expediteur
Marwa ghodbaen,Reçu par l'expediteur
Accessoires Shopping,Reçu par l'expediteur
Trend Fashion,Reçu par l'expediteur
Azaro,Reçu par l'expediteur
Azaro,Reçu par l'expediteur
MKD distrubition,Reçu par l'expediteur
Miel Boumiza,Reçu par l'expediteur
Espace Aymen,Reçu par l'expediteur
Déco maison,Reçu par l'expediteur
Déco maison,Reçu par l'expediteur
Déco maison,Reçu par l'expediteur
Déco maison,Reçu par l'expediteur
Déco maison,Reçu par l'expediteur
Déco maison,Reçu par l'expediteur
Déco maison,Reçu par l'expediteur
Déco maison,Reçu par l'expediteur
Déco maison,Reçu par l'expediteur
Déco maison,Reçu par l'expediteur
Déco maison,Reçu par l'expediteur
Déco maison,Reçu par l'expediteur
Déco maison,Reçu par l'expediteur
Déco maison,Reçu par l'expediteur
Ouma shop.tn,Reçu par l'expediteur
Ouma shop.tn,Reçu par l'expediteur
Déco maison,Reçu par l'expediteur
Déco maison,Reçu par l'expediteur
Ouma shop.tn,Reçu par l'expediteur
Ouma shop.tn,Reçu par l'expediteur
Déco maison,Reçu par l'expediteur
Déco maison,Reçu par l'expediteur
Blue Body,Reçu par l'expediteur
Blue Body,Reçu par l'expediteur
Blue Body,Reçu par l'expediteur
Dalel Darek,Reçu par l'expediteur
Société guesmi art design,Reçu par l'expediteur
Blue Body,Reçu par l'expediteur
Blue Body,Reçu par l'expediteur
Blue Body,Reçu par l'expediteur
Blue Body,Reçu par l'expediteur
Blue Body,Reçu par l'expediteur
Blue Body,Reçu par l'expediteur
Dalel Darek,Reçu par l'expediteur
Dalel Darek,Reçu par l'expediteur
Dalel Darek,Reçu par l'expediteur
Darii market,Reçu par l'expediteur
Darii market,Reçu par l'expediteur
Blue Body,Reçu par l'expediteur
Blue Body,Reçu par l'expediteur
Accessoires Shopping,Reçu par l'expediteur
nakaa naturelle,Reçu par l'expediteur
Accessoires Shopping,Reçu par l'expediteur
Prix D'or,Reçu par l'expediteur
Dalel Darek,Reçu par l'expediteur
Dalel Darek,Reçu par l'expediteur
Youssef Saidi,Reçu par l'expediteur
Youssef Saidi,Reçu par l'expediteur
Déco maison,Reçu par l'expediteur
Déco maison,Reçu par l'expediteur
Déco maison,Reçu par l'expediteur
Déco maison,Reçu par l'expediteur
Déco maison,Reçu par l'expediteur
Déco maison,Reçu par l'expediteur
Déco maison,Reçu par l'expediteur
Déco maison,Reçu par l'expediteur
Espace Aymen,Reçu par l'expediteur
Déco maison,Reçu par l'expediteur
Mariem shop,Reçu par l'expediteur
Mariem shop,Reçu par l'expediteur
fripe FM,Reçu par l'expediteur
fripe FM,Reçu par l'expediteur
Frip live,Reçu par l'expediteur
Blue Body,Reçu par l'expediteur
Trend Fashion,Reçu par l'expediteur
Blue Body,Reçu par l'expediteur
Youssef Saidi,Reçu par l'expediteur
Youssef Saidi,Reçu par l'expediteur
Youssef Saidi,Reçu par l'expediteur
Pour Elle By F&N,Reçu par l'expediteur
The Tech Space Pc Jo Delivery,Reçu par l'expediteur
Bayti Shopping,Reçu par l'expediteur
Youssef Saidi,Reçu par l'expediteur
Youssef Saidi,Reçu par l'expediteur
Bayti Shopping,Reçu par l'expediteur
Bayti Shopping,Reçu par l'expediteur
JANA SHOP,Reçu par l'expediteur
JANA SHOP,Reçu par l'expediteur
SAF EXPRESS,Reçu par l'expediteur
tableaux tendance,Reçu par l'expediteur
SAF EXPRESS,Reçu par l'expediteur
Trend Fashion,Reçu par l'expediteur
Trend Fashion,Reçu par l'expediteur
Trend Fashion,Reçu par l'expediteur
Trend Fashion,Reçu par l'expediteur
Trend Fashion,Reçu par l'expediteur
cloudy store,Reçu par l'expediteur
Bayti Shopping,Reçu par l'expediteur
Marwa ghodbaen,Reçu par l'expediteur
O STORE,Reçu par l'expediteur
O STORE,Reçu par l'expediteur
O STORE,Reçu par l'expediteur
O STORE,Reçu par l'expediteur
Blue Body,Reçu par l'expediteur
O STORE,Reçu par l'expediteur
Miracle lingerie,Reçu par l'expediteur
Bayti Shopping,Reçu par l'expediteur
Colis du sud,Reçu par l'expediteur
MAX GROUPE,Reçu par l'expediteur
Youssef Saidi,Reçu par l'expediteur
Youssef Saidi,Reçu par l'expediteur
Sys delivery,Reçu par l'expediteur
Blue Body,Reçu par l'expediteur
Champs Elysée out fit,Reçu par l'expediteur
SAF EXPRESS,Reçu par l'expediteur
Marwa ghodbaen,Reçu par l'expediteur
Marwa ghodbaen,Reçu par l'expediteur
Diamantine,Reçu par l'expediteur
Shopping by sabrine,Reçu par l'expediteur
boutique amoula,Reçu par l'expediteur
tableaux tendance,Reçu par l'expediteur
tableaux tendance,Reçu par l'expediteur
les bonnes affaires,Reçu par l'expediteur
tableaux tendance,Reçu par l'expediteur
tableaux tendance,Reçu par l'expediteur
Perfection,Reçu par l'expediteur
Perfection,Reçu par l'expediteur
Perfection,Reçu par l'expediteur
boutique amoula,Reçu par l'expediteur
tuni-land 2,Reçu par l'expediteur
cloudy store,Reçu par l'expediteur
cloudy store,Reçu par l'expediteur
Ettounsi,Reçu par l'expediteur
Ettounsi,Reçu par l'expediteur
O STORE,Reçu par l'expediteur
O STORE,Reçu par l'expediteur
Dukan store,Reçu par l'expediteur
boutique amoula,Reçu par l'expediteur
boutique amoula,Reçu par l'expediteur
boutique amoula,Reçu par l'expediteur
boutique amoula,Reçu par l'expediteur
O STORE,Reçu par l'expediteur
O STORE,Reçu par l'expediteur
O STORE,Reçu par l'expediteur
Ettounsi,Reçu par l'expediteur
O STORE,Reçu par l'expediteur
tableaux tendance,Reçu par l'expediteur
Ettounsi,Reçu par l'expediteur
Ettounsi,Reçu par l'expediteur
SAF EXPRESS,Reçu par l'expediteur
Muscle Nutrition,Reçu par l'expediteur
Muscle Nutrition,Reçu par l'expediteur
JANA SHOP,Reçu par l'expediteur
JANA SHOP,Reçu par l'expediteur
Confort zone,Reçu par l'expediteur
LOGISTIKO,Reçu par l'expediteur
WAEL DOCUMENTS,Reçu par l'expediteur
tableaux tendance,Reçu par l'expediteur
tableaux tendance,Reçu par l'expediteur
Dalel Darek,Reçu par l'expediteur
Dalel Darek,Reçu par l'expediteur
Dalel Darek,Reçu par l'expediteur
Dalel Darek,Reçu par l'expediteur
Blue Body,Reçu par l'expediteur
WAEL DOCUMENTS,Reçu par l'expediteur
WAEL DOCUMENTS,Reçu par l'expediteur
Blue Body,Reçu par l'expediteur
Youce Printdéco,Reçu par l'expediteur
Youce Printdéco,Reçu par l'expediteur
Youce Printdéco,Reçu par l'expediteur
tableaux tendance,Reçu par l'expediteur
WAEL DOCUMENTS,Reçu par l'expediteur
YOLO DISTRIBUTION,Reçu par l'expediteur
YOLO DISTRIBUTION,Reçu par l'expediteur
fripe FM,Reçu par l'expediteur
Mariem shop,Reçu par l'expediteur
Giex.com.tn,Reçu par l'expediteur
Giex.com.tn,Reçu par l'expediteur
Global store,Reçu par l'expediteur
Youce Printdéco,Reçu par l'expediteur
Youce Printdéco,Reçu par l'expediteur
Youce Printdéco,Reçu par l'expediteur
Youce Printdéco,Reçu par l'expediteur
Bayti.tn,Reçu par l'expediteur
Bayti.tn,Reçu par l'expediteur
Bayti.tn,Reçu par l'expediteur
Bayti.tn,Reçu par l'expediteur
Bayti.tn,Reçu par l'expediteur
AminKA PC Giex,Reçu par l'expediteur
Waty Shop,Reçu par l'expediteur
Waty Shop,Reçu par l'expediteur
Waty Shop,Reçu par l'expediteur
Blue Body,Reçu par l'expediteur
Royal Shado,Reçu par l'expediteur
JANA SHOP,Reçu par l'expediteur
JANA SHOP,Reçu par l'expediteur
Trend Fashion,Reçu par l'expediteur
O STORE,Reçu par l'expediteur
O STORE,Reçu par l'expediteur
tableaux tendance,Reçu par l'expediteur
tableaux tendance,Reçu par l'expediteur
Jul Design,Reçu par l'expediteur
tableaux tendance,Reçu par l'expediteur
Giex.com.tn,Reçu par l'expediteur
Natura Store,Reçu par l'expediteur
Blue Body,Reçu par l'expediteur
Bayti.tn,Reçu par l'expediteur
Bayti.tn,Reçu par l'expediteur
Bayti.tn,Reçu par l'expediteur
Bayti.tn,Reçu par l'expediteur
Ste Texport,Reçu par l'expediteur
Natura Store,Reçu par l'expediteur
Ste Texport,Reçu par l'expediteur
tableaux tendance,Reçu par l'expediteur
Noor Store,Reçu par l'expediteur
Waty Shop,Reçu par l'expediteur
tableaux tendance,Reçu par l'expediteur
Blue Body,Reçu par l'expediteur
Dalel Darek,Reçu par l'expediteur
fashion frippe,Reçu par l'expediteur
The Tech Space Pc Jo Delivery,Reçu par l'expediteur
GaGa Store,Reçu par l'expediteur
Blue Body,Reçu par l'expediteur
tableaux tendance,Reçu par l'expediteur
tableaux tendance,Reçu par l'expediteur
tableaux tendance,Reçu par l'expediteur
Prix D'or,Reçu par l'expediteur
Blue Body,Reçu par l'expediteur
Blue Body,Reçu par l'expediteur
tableaux tendance,Reçu par l'expediteur
tableaux tendance,Reçu par l'expediteur
tableaux tendance,Reçu par l'expediteur
tuni-land 2,Reçu par l'expediteur
tuni-land 2,Reçu par l'expediteur
Blue Body,Reçu par l'expediteur
Youce Printdéco,Reçu par l'expediteur
Youce Printdéco,Reçu par l'expediteur
Youce Printdéco,Reçu par l'expediteur
Youce Printdéco,Reçu par l'expediteur
tuni-land 2,Reçu par l'expediteur
tuni-land 2,Reçu par l'expediteur
tuni-land 2,Reçu par l'expediteur
tuni-land 2,Reçu par l'expediteur
GaGa Store,Reçu par l'expediteur
GaGa Store,Reçu par l'expediteur
GaGa Store,Reçu par l'expediteur
YOLO DISTRIBUTION,Reçu par l'expediteur
YOLO DISTRIBUTION,Reçu par l'expediteur
Trend Fashion,Reçu par l'expediteur
Trend Fashion,Reçu par l'expediteur
Trend Fashion,Reçu par l'expediteur
Ste Texport,Reçu par l'expediteur
Glowise Store,Reçu par l'expediteur
Marwa ghodbaen,Reçu par l'expediteur
Marwa ghodbaen,Reçu par l'expediteur
Bayti.tn,Reçu par l'expediteur
Bayti.tn,Reçu par l'expediteur
Zigzag.tn,Reçu par l'expediteur
Zigzag.tn,Reçu par l'expediteur
Zigzag.tn,Reçu par l'expediteur
Zigzag.tn,Reçu par l'expediteur
Zigzag.tn,Reçu par l'expediteur
Zigzag.tn,Reçu par l'expediteur
JANA SHOP,Reçu par l'expediteur
JANA SHOP,Reçu par l'expediteur
Prix D'or,Reçu par l'expediteur
O STORE,Reçu par l'expediteur
O STORE,Reçu par l'expediteur
go shop,Reçu par l'expediteur
Glowise Store,Reçu par l'expediteur
Glowise Store,Reçu par l'expediteur
Marwa ghodbaen,Reçu par l'expediteur
Marwa ghodbaen,Reçu par l'expediteur
Déco maison,Reçu par l'expediteur
Ste Texport,Reçu par l'expediteur
Déco maison,Reçu par l'expediteur
tuni-land 2,Reçu par l'expediteur
tuni-land 2,Reçu par l'expediteur
tuni-land 2,Reçu par l'expediteur
tuni-land 2,Reçu par l'expediteur
imen,Reçu par l'expediteur
LOGISTIKO,Reçu par l'expediteur
LOGISTIKO,Reçu par l'expediteur
LOGISTIKO,Reçu par l'expediteur
LOGISTIKO,Reçu par l'expediteur
Ste Amena,Reçu par l'expediteur
tuni-land 2,Reçu par l'expediteur
tuni-land 2,Reçu par l'expediteur
tuni-land 2,Reçu par l'expediteur
tuni-land 2,Reçu par l'expediteur
Ste Amena,Reçu par l'expediteur
Ste Amena,Reçu par l'expediteur
Super Prix,Reçu par l'expediteur
Ste Amena,Reçu par l'expediteur
LOGISTIKO,Reçu par l'expediteur
LOGISTIKO,Reçu par l'expediteur
LOGISTIKO,Reçu par l'expediteur
Trend Fashion,Reçu par l'expediteur
Bayti.tn,Reçu par l'expediteur
Marwa ghodbaen,Reçu par l'expediteur
Marwa ghodbaen,Reçu par l'expediteur
Marwa ghodbaen,Reçu par l'expediteur
Marwa ghodbaen,Reçu par l'expediteur
Marwa ghodbaen,Reçu par l'expediteur
Bayti.tn,Reçu par l'expediteur
Jul Design,Reçu par l'expediteur
Jul Design,Reçu par l'expediteur
Zigzag.tn,Reçu par l'expediteur
Zigzag.tn,Reçu par l'expediteur
Zigzag.tn,Reçu par l'expediteur
Zigzag.tn,Reçu par l'expediteur
Zigzag.tn,Reçu par l'expediteur
Zigzag.tn,Reçu par l'expediteur
Zigzag.tn,Reçu par l'expediteur
Zigzag.tn,Reçu par l'expediteur
Miel Boumiza,Reçu par l'expediteur
Donna couture PC Giex,Reçu par l'expediteur
Zigzag.tn,Reçu par l'expediteur
JANA SHOP,Reçu par l'expediteur
SAF EXPRESS,Reçu par l'expediteur
SAF EXPRESS,Reçu par l'expediteur
Trend Fashion,Reçu par l'expediteur
tuni-land 2,Reçu par l'expediteur
Marwa ghodbaen,Reçu par l'expediteur
Marwa ghodbaen,Reçu par l'expediteur
Marwa ghodbaen,Reçu par l'expediteur
Marwa ghodbaen,Reçu par l'expediteur
Marwa ghodbaen,Reçu par l'expediteur
Marwa ghodbaen,Reçu par l'expediteur
KS NET INFO/TOPNET EZZAOUIA,Reçu par l'expediteur
tuni-land 2,Reçu par l'expediteur
Tunisia mall,Reçu par l'expediteur
Tunisia mall,Reçu par l'expediteur
tuni-land 2,Reçu par l'expediteur
Couverture de prince,Reçu par l'expediteur
Bayti.tn,Reçu par l'expediteur
Déco maison,Reçu par l'expediteur
Déco maison,Reçu par l'expediteur
YOLO DISTRIBUTION,Reçu par l'expediteur
Déco maison,Reçu par l'expediteur
Déco maison,Reçu par l'expediteur
Couverture de prince,Reçu par l'expediteur
Zigzag.tn,Reçu par l'expediteur
Bayti.tn,Reçu par l'expediteur
Bayti.tn,Reçu par l'expediteur
tuni-land 2,Reçu par l'expediteur
Bayti.tn,Reçu par l'expediteur
Bayti.tn,Reçu par l'expediteur
Tech store,Reçu par l'expediteur
Zigzag.tn,Reçu par l'expediteur
Zigzag.tn,Reçu par l'expediteur
Zigzag.tn,Reçu par l'expediteur
Zigzag.tn,Reçu par l'expediteur
Zigzag.tn,Reçu par l'expediteur
Zigzag.tn,Reçu par l'expediteur
Zigzag.tn,Reçu par l'expediteur
Zigzag.tn,Reçu par l'expediteur
O STORE,Reçu par l'expediteur
Zigzag.tn,Reçu par l'expediteur
Zigzag.tn,Reçu par l'expediteur
Waty Shop,Reçu par l'expediteur
Miel Boumiza,Reçu par l'expediteur
Glowise Store,Reçu par l'expediteur
les bonnes affaires,Reçu par l'expediteur
JANA SHOP,Reçu par l'expediteur
JANA SHOP,Reçu par l'expediteur
JANA SHOP,Reçu par l'expediteur
JANA SHOP,Reçu par l'expediteur
SAF EXPRESS,Reçu par l'expediteur
Royal Shado,Reçu par l'expediteur
baby cute,Reçu par l'expediteur
Royal Shado,Reçu par l'expediteur
Trend Fashion,Reçu par l'expediteur
Tunisia mall,Reçu par l'expediteur
Tunisia mall,Reçu par l'expediteur
Tunisia mall,Reçu par l'expediteur
Tunisia mall,Reçu par l'expediteur
Tunisia mall,Reçu par l'expediteur
Tunisia mall,Reçu par l'expediteur
Tunisia mall,Reçu par l'expediteur
Tunisia mall,Reçu par l'expediteur
Tunisia mall,Reçu par l'expediteur
Marwa ghodbaen,Reçu par l'expediteur
Marwa ghodbaen,Reçu par l'expediteur
Marwa ghodbaen,Reçu par l'expediteur
tuni-land 2,Reçu par l'expediteur
Blue Body,Reçu par l'expediteur
tuni-land 2,Reçu par l'expediteur
tuni-land 2,Reçu par l'expediteur
O STORE,Reçu par l'expediteur
tuni-land 2,Reçu par l'expediteur
go shop,Reçu par l'expediteur
go shop,Reçu par l'expediteur
Blue Body,Reçu par l'expediteur
Blue Body,Reçu par l'expediteur
Blue Body,Reçu par l'expediteur
shopa Tunisia,Reçu par l'expediteur
Prix D'or,Reçu par l'expediteur
Oneaday/Maison PROMOTION,Reçu par l'expediteur
Mrewel Koura,Reçu par l'expediteur
go shop,Reçu par l'expediteur
QUALITE TRANS,Reçu par l'expediteur
LOGISTIKO,Reçu par l'expediteur
LOGISTIKO,Reçu par l'expediteur
LOGISTIKO,Reçu par l'expediteur
LOGISTIKO,Reçu par l'expediteur
QUALITE TRANS,Reçu par l'expediteur
LOGISTIKO,Reçu par l'expediteur
LOGISTIKO,Reçu par l'expediteur
LOGISTIKO,Reçu par l'expediteur
LOGISTIKO,Reçu par l'expediteur
Solde.tn,Reçu par l'expediteur
LOGISTIKO,Reçu par l'expediteur
Solde.tn,Reçu par l'expediteur
LOGISTIKO,Reçu par l'expediteur
The sailor,Reçu par l'expediteur
Champs Elysée out fit,Reçu par l'expediteur
Trend Fashion,Reçu par l'expediteur
MD global,Reçu par l'expediteur
Wiem JEDIDI,Reçu par l'expediteur
Wiem JEDIDI,Reçu par l'expediteur
Wiem JEDIDI,Reçu par l'expediteur
Wiem JEDIDI,Reçu par l'expediteur
Marwa ghodbaen,Reçu par l'expediteur
Marwa ghodbaen,Reçu par l'expediteur
Bayti.tn,Reçu par l'expediteur
CM EXTRA,Reçu par l'expediteur
MD global,Reçu par l'expediteur
baby cute,Reçu par l'expediteur
tuni-land 2,Reçu par l'expediteur
Omur toutstyle,Reçu par l'expediteur
YOLO DISTRIBUTION,Reçu par l'expediteur
houwaida couture,Reçu par l'expediteur
WAEL DOCUMENTS,Reçu par l'expediteur
tuni-land 2,Reçu par l'expediteur
Marwa ghodbaen,Reçu par l'expediteur
Marwa ghodbaen,Reçu par l'expediteur
Marwa ghodbaen,Reçu par l'expediteur
Marwa ghodbaen,Reçu par l'expediteur
Marwa ghodbaen,Reçu par l'expediteur
CM EXTRA,Reçu par l'expediteur
Wiem JEDIDI,Reçu par l'expediteur
Wiem JEDIDI,Reçu par l'expediteur
Wiem JEDIDI,Reçu par l'expediteur
Wiem JEDIDI,Reçu par l'expediteur
Wiem JEDIDI,Reçu par l'expediteur
Marwa ghodbaen,Reçu par l'expediteur
Marwa ghodbaen,Reçu par l'expediteur
Marwa ghodbaen,Reçu par l'expediteur
Marwa ghodbaen,Reçu par l'expediteur
Blue Body,Reçu par l'expediteur
Bayti.tn,Reçu par l'expediteur
Bayti.tn,Reçu par l'expediteur
Mahdia Nutrition,Reçu par l'expediteur
Omur toutstyle,Reçu par l'expediteur
Blue Body,Reçu par l'expediteur
Blue Body,Reçu par l'expediteur
Jul Design,Reçu par l'expediteur
Steel in wood,Reçu par l'expediteur
Marwa ghodbaen,Reçu par l'expediteur
Marwa ghodbaen,Reçu par l'expediteur
Marwa ghodbaen,Reçu par l'expediteur
Marwa ghodbaen,Reçu par l'expediteur
Marwa ghodbaen,Reçu par l'expediteur
Marwa ghodbaen,Reçu par l'expediteur
Marwa ghodbaen,Reçu par l'expediteur
Wiem JEDIDI,Reçu par l'expediteur
Wiem JEDIDI,Reçu par l'expediteur
Wiem JEDIDI,Reçu par l'expediteur
Wiem JEDIDI,Reçu par l'expediteur
Wiem JEDIDI,Reçu par l'expediteur
Wiem JEDIDI,Reçu par l'expediteur
Mahdia Nutrition,Reçu par l'expediteur
Omur toutstyle,Reçu par l'expediteur
HAPPY TEAM,Reçu par l'expediteur
QUALITE TRANS,Reçu par l'expediteur
tuni-land 2,Reçu par l'expediteur
tuni-land 2,Reçu par l'expediteur
tuni-land 2,Reçu par l'expediteur
QUALITE TRANS,Reçu par l'expediteur
DIMA PROMO TUNISIE,Reçu par l'expediteur
DIMA PROMO TUNISIE,Reçu par l'expediteur
DIMA PROMO TUNISIE,Reçu par l'expediteur
Dar aroussia,Reçu par l'expediteur
Blue Body,Reçu par l'expediteur
Blue Body,Reçu par l'expediteur
Coin D'or,Reçu par l'expediteur
Blue Body,Reçu par l'expediteur
Blue Body,Reçu par l'expediteur
Blue Body,Reçu par l'expediteur
LOGISTIKO,Reçu par l'expediteur
Ashtar,Reçu par l'expediteur
LOGISTIKO,Reçu par l'expediteur
LOGISTIKO,Reçu par l'expediteur
QUALITE TRANS,Reçu par l'expediteur
LOGISTIKO,Reçu par l'expediteur
LOGISTIKO,Reçu par l'expediteur
LOGISTIKO,Reçu par l'expediteur
LOGISTIKO,Reçu par l'expediteur
LOGISTIKO,Reçu par l'expediteur
Oneaday,Reçu par l'expediteur
LOGISTIKO,Reçu par l'expediteur
LOGISTIKO,Reçu par l'expediteur
Oneaday,Reçu par l'expediteur
LOGISTIKO,Reçu par l'expediteur
LOGISTIKO,Reçu par l'expediteur
QUALITE TRANS,Reçu par l'expediteur
LOGISTIKO,Reçu par l'expediteur
LOGISTIKO,Reçu par l'expediteur
LOGISTIKO,Reçu par l'expediteur
tuni-land 2,Reçu par l'expediteur
tuni-land 2,Reçu par l'expediteur
go shop,Reçu par l'expediteur
Ideal Home,Reçu par l'expediteur
tuni-land 2,Reçu par l'expediteur
tuni-land 2,Reçu par l'expediteur
tuni-land 2,Reçu par l'expediteur
tuni-land 2,Reçu par l'expediteur
tuni-land 2,Reçu par l'expediteur
Déco maison,Reçu par l'expediteur
Tech store,Reçu par l'expediteur
go shop,Reçu par l'expediteur
LOGISTIKO,Reçu par l'expediteur
QUALITE TRANS,Reçu par l'expediteur
QUALITE TRANS,Reçu par l'expediteur
LOGISTIKO,Reçu par l'expediteur
LOGISTIKO,Reçu par l'expediteur
LOGISTIKO,Reçu par l'expediteur
LOGISTIKO,Reçu par l'expediteur
tuni-land 2,Reçu par l'expediteur
tuni-land 2,Reçu par l'expediteur
tuni-land 2,Reçu par l'expediteur
tuni-land 2,Reçu par l'expediteur
LOGISTIKO,Reçu par l'expediteur
Espace sarrah,Reçu par l'expediteur
O STORE,Reçu par l'expediteur
O STORE,Reçu par l'expediteur
O STORE,Reçu par l'expediteur
O STORE,Reçu par l'expediteur
shopa Tunisia,Reçu par l'expediteur
shopa Tunisia,Reçu par l'expediteur
shopa Tunisia,Reçu par l'expediteur
shopa Tunisia,Reçu par l'expediteur
Wiem JEDIDI,Reçu par l'expediteur
MS PARA,Reçu par l'expediteur
UCANbe,Reçu par l'expediteur
boutique amoula,Reçu par l'expediteur
LOGISTIKO,Reçu par l'expediteur
LOGISTIKO,Reçu par l'expediteur
LOGISTIKO,Reçu par l'expediteur
shopa Tunisia,Reçu par l'expediteur
shopa Tunisia,Reçu par l'expediteur
Joe by houwaida,Reçu par l'expediteur
houwaida couture,Reçu par l'expediteur
houwaida couture,Reçu par l'expediteur
For you,Reçu par l'expediteur
For you,Reçu par l'expediteur
Miel Boumiza,Reçu par l'expediteur
Zigzag.tn,Reçu par l'expediteur
Zigzag.tn,Reçu par l'expediteur
Zigzag.tn,Reçu par l'expediteur
Zigzag.tn,Reçu par l'expediteur
Zigzag.tn,Reçu par l'expediteur
houwaida couture Sfax,Reçu par l'expediteur
Déco maison,Reçu par l'expediteur
Trend Fashion,Reçu par l'expediteur
Trend Fashion,Reçu par l'expediteur
Koftani,Reçu par l'expediteur
Trend Fashion,Reçu par l'expediteur
O STORE,Reçu par l'expediteur
Noor Store,Reçu par l'expediteur
Esprit jouets,Reçu par l'expediteur
UCANbe,Reçu par l'expediteur
Coin D'or,Reçu par l'expediteur
Ste Haddad frères du commerce,Reçu par l'expediteur
Blue Body,Reçu par l'expediteur
Blue Body,Reçu par l'expediteur
Blue Body,Reçu par l'expediteur
Blue Body,Reçu par l'expediteur
Marwa ghodbaen,Reçu par l'expediteur
Wiem JEDIDI,Reçu par l'expediteur
Wiem JEDIDI,Reçu par l'expediteur
Wiem JEDIDI,Reçu par l'expediteur
Wiem JEDIDI,Reçu par l'expediteur
Wiem JEDIDI,Reçu par l'expediteur
Marwa ghodbaen,Reçu par l'expediteur
Marwa ghodbaen,Reçu par l'expediteur
TASS BEAUTY,Reçu par l'expediteur
Ste Haddad frères du commerce,Reçu par l'expediteur
LOGISTIKO,Reçu par l'expediteur
Blue Body,Reçu par l'expediteur
LOGISTIKO,Reçu par l'expediteur
LOGISTIKO,Reçu par l'expediteur
LOGISTIKO,Reçu par l'expediteur
LOGISTIKO,Reçu par l'expediteur
LOGISTIKO,Reçu par l'expediteur
Déco maison,Reçu par l'expediteur
Déco maison,Reçu par l'expediteur
Ste Haddad frères du commerce,Reçu par l'expediteur
Déco maison,Reçu par l'expediteur
Déco maison,Reçu par l'expediteur
Déco maison,Reçu par l'expediteur
Déco maison,Reçu par l'expediteur
LOGISTIKO,Reçu par l'expediteur
Déco maison,Reçu par l'expediteur
Déco maison,Reçu par l'expediteur
LOGISTIKO,Reçu par l'expediteur
Maison de mariage,Reçu par l'expediteur
LOGISTIKO,Reçu par l'expediteur
Ste Haddad frères du commerce,Reçu par l'expediteur
MAX GROUPE,Reçu par l'expediteur
MAX GROUPE,Reçu par l'expediteur
MAX GROUPE,Reçu par l'expediteur
O STORE,Reçu par l'expediteur
Tiktak PRO Dhieb tarak - Upsell,Reçu par l'expediteur
Tiktak PRO Dhieb tarak - Upsell,Reçu par l'expediteur
Zigzag.tn,Reçu par l'expediteur
WAEL DOCUMENTS,Reçu par l'expediteur
YOLO DISTRIBUTION,Reçu par l'expediteur
Déco maison,Reçu par l'expediteur
Déco maison,Reçu par l'expediteur
Déco maison,Reçu par l'expediteur
Déco maison,Reçu par l'expediteur
Déco maison,Reçu par l'expediteur
Déco maison,Reçu par l'expediteur
Mahdia Nutrition,Reçu par l'expediteur
QUALITE TRANS,Reçu par l'expediteur
Zigzag.tn,Reçu par l'expediteur
Zigzag.tn,Reçu par l'expediteur
Zigzag.tn,Reçu par l'expediteur
Zigzag.tn,Reçu par l'expediteur
POCOBABY,Reçu par l'expediteur
Zigzag.tn,Reçu par l'expediteur
Zigzag.tn,Reçu par l'expediteur
Zigzag.tn,Reçu par l'expediteur
Zigzag.tn,Reçu par l'expediteur
AminKA PC Giex,Reçu par l'expediteur
SELECT.TN,Reçu par l'expediteur
Ste Amena,Reçu par l'expediteur
Ste Amena,Reçu par l'expediteur
LOGISTIKO,Reçu par l'expediteur
Youssef Saidi,Reçu par l'expediteur
Youssef Saidi,Reçu par l'expediteur
Youssef Saidi,Reçu par l'expediteur
Youssef Saidi,Reçu par l'expediteur
Youssef Saidi,Reçu par l'expediteur
Youssef Saidi,Reçu par l'expediteur
Youssef Saidi,Reçu par l'expediteur
Youssef Saidi,Reçu par l'expediteur
Youssef Saidi,Reçu par l'expediteur
Youssef Saidi,Reçu par l'expediteur
Youssef Saidi,Reçu par l'expediteur
Youssef Saidi,Reçu par l'expediteur
Ste Amena,Reçu par l'expediteur
Ste Amena,Reçu par l'expediteur
LOGISTIKO,Reçu par l'expediteur
LOGISTIKO,Reçu par l'expediteur
QUALITE TRANS,Reçu par l'expediteur
QUALITE TRANS,Reçu par l'expediteur
TUNILAND,Reçu par l'expediteur
LOGISTIKO,Reçu par l'expediteur
houwaida couture,Reçu par l'expediteur
TUNILAND,Reçu par l'expediteur
Ste Haddad frères du commerce,Reçu par l'expediteur
My best home,Reçu par l'expediteur
QUALITE TRANS,Reçu par l'expediteur
Tunisia mall,Reçu par l'expediteur
Tunisia mall,Reçu par l'expediteur
Tunisia mall,Reçu par l'expediteur
Tunisia mall,Reçu par l'expediteur
Tunisia mall,Reçu par l'expediteur
Tunisia mall,Reçu par l'expediteur
houwaida couture,Reçu par l'expediteur
LOGISTIKO,Reçu par l'expediteur
Joe by houwaida,Reçu par l'expediteur
AminKA PC Giex,Reçu par l'expediteur
Ste Haddad frères du commerce,Reçu par l'expediteur
Joe by houwaida,Reçu par l'expediteur
Boutique Angel,Reçu par l'expediteur
Trend Fashion,Reçu par l'expediteur
Sys delivery,Reçu par l'expediteur
Sys delivery,Reçu par l'expediteur
YouMee Pc giex,Reçu par l'expediteur
AminKA PC Giex,Reçu par l'expediteur
LOGISTIKO,Reçu par l'expediteur
CM GENERAL,Reçu par l'expediteur
Dalel Darek,Reçu par l'expediteur
Darii market,Reçu par l'expediteur
Espace sarrah,Reçu par l'expediteur
For you,Reçu par l'expediteur
Mahdia Nutrition,Reçu par l'expediteur
Ktebi,Reçu par l'expediteur
Ktebi,Reçu par l'expediteur
Ktebi,Reçu par l'expediteur
CM EXTRA,Reçu par l'expediteur
Trend Fashion,Reçu par l'expediteur
Trend Fashion,Reçu par l'expediteur
CM GENERAL,Reçu par l'expediteur
Sys delivery,Reçu par l'expediteur
LOGISTIKO,Reçu par l'expediteur
TUNILAND,Reçu par l'expediteur
TUNILAND,Reçu par l'expediteur
TUNILAND,Reçu par l'expediteur
Miss chic vip,Reçu par l'expediteur
QUALITE TRANS,Reçu par l'expediteur
CM EXTRA,Reçu par l'expediteur
Boutique Angel,Reçu par l'expediteur
Ktebi,Reçu par l'expediteur
HB Shop,Reçu par l'expediteur
LOGISTIKO,Reçu par l'expediteur
Bayti.tn,Reçu par l'expediteur
star shopping,Reçu par l'expediteur
star shopping,Reçu par l'expediteur
QUALITE TRANS,Reçu par l'expediteur
CM EXTRA,Reçu par l'expediteur
CM GENERAL,Reçu par l'expediteur
CM EXTRA,Reçu par l'expediteur
CM GENERAL,Reçu par l'expediteur
QUALITE TRANS,Reçu par l'expediteur
TUNILAND,Reçu par l'expediteur
easy shoes,Reçu par l'expediteur
LOGISTIKO,Reçu par l'expediteur
QUALITE TRANS,Reçu par l'expediteur
easy shoes,Reçu par l'expediteur
Trend Fashion,Reçu par l'expediteur
QUALITE TRANS,Reçu par l'expediteur
LOGISTIKO,Reçu par l'expediteur
HB Shop,Reçu par l'expediteur
easy shoes,Reçu par l'expediteur
Noor Store,Reçu par l'expediteur
Ste Texport,Reçu par l'expediteur
QUALITE TRANS,Reçu par l'expediteur
LOGISTIKO,Reçu par l'expediteur
TUNILAND,Reçu par l'expediteur
TUNILAND,Reçu par l'expediteur
TUNILAND,Reçu par l'expediteur
TUNILAND,Reçu par l'expediteur
TUNILAND,Reçu par l'expediteur
LOGISTIKO,Reçu par l'expediteur
LOGISTIKO,Reçu par l'expediteur
LOGISTIKO,Reçu par l'expediteur
Hend kanoun,Reçu par l'expediteur
QUALITE TRANS,Reçu par l'expediteur
LOGISTIKO,Reçu par l'expediteur
QUALITE TRANS,Reçu par l'expediteur
TUNILAND,Reçu par l'expediteur
TUNILAND,Reçu par l'expediteur
LOGISTIKO,Reçu par l'expediteur
TUNILAND,Reçu par l'expediteur
TUNILAND,Reçu par l'expediteur
TUNILAND,Reçu par l'expediteur
easy shoes,Reçu par l'expediteur
easy shoes,Reçu par l'expediteur
Ste Haddad frères du commerce,Reçu par l'expediteur
easy shop,Reçu par l'expediteur
LOGISTIKO,Reçu par l'expediteur
LOGISTIKO,Reçu par l'expediteur
LOGISTIKO,Reçu par l'expediteur
LOGISTIKO,Reçu par l'expediteur
LOGISTIKO,Reçu par l'expediteur
LOGISTIKO,Reçu par l'expediteur
LOGISTIKO,Reçu par l'expediteur
nakaa naturelle,Reçu par l'expediteur
DHOUIB DISTRIBUTION My baby love,Reçu par l'expediteur
Mahdia Nutrition,Reçu par l'expediteur
Colis du sud,Reçu par l'expediteur
Ste HLD,Reçu par l'expediteur
Bayti.tn,Reçu par l'expediteur
Extra shop,Reçu par l'expediteur
samar,Reçu par l'expediteur
Bayti.tn,Reçu par l'expediteur
Bayti.tn,Reçu par l'expediteur
Ste Haddad frères du commerce,Reçu par l'expediteur
Extra shop,Reçu par l'expediteur
Joe by houwaida,Reçu par l'expediteur
ZARBITI,Reçu par l'expediteur
ZARBITI,Reçu par l'expediteur
ZARBITI,Reçu par l'expediteur
Ste Haddad frères du commerce,Reçu par l'expediteur
Ste Haddad frères du commerce,Reçu par l'expediteur
AminKA PC Giex,Reçu par l'expediteur
Bayti.tn,Reçu par l'expediteur
Bayti.tn,Reçu par l'expediteur
Bayti.tn,Reçu par l'expediteur
Miel Boumiza,Reçu par l'expediteur
Bayti.tn,Reçu par l'expediteur
Bayti.tn,Reçu par l'expediteur
Miel Boumiza,Reçu par l'expediteur
Miel Boumiza,Reçu par l'expediteur
Miel Boumiza,Reçu par l'expediteur
SELECT.TN,Reçu par l'expediteur
Wiem JEDIDI,Reçu par l'expediteur
Wiem JEDIDI,Reçu par l'expediteur
Amira BEN NAYA,Reçu par l'expediteur
Marwa ghodbaen,Reçu par l'expediteur
Miel Boumiza,Reçu par l'expediteur
Colis du sud,Reçu par l'expediteur
Miel Boumiza,Reçu par l'expediteur
TUNILAND,Reçu par l'expediteur
Espace sarrah,Reçu par l'expediteur
Miel Boumiza,Reçu par l'expediteur
Amira BEN NAYA,Reçu par l'expediteur
Wiem JEDIDI,Reçu par l'expediteur
Wiem JEDIDI,Reçu par l'expediteur
Wiem JEDIDI,Reçu par l'expediteur
TUNILAND,Reçu par l'expediteur
O STORE,Reçu par l'expediteur
O STORE,Reçu par l'expediteur
go shop,Reçu par l'expediteur
Tunisia mall,Reçu par l'expediteur
go shop,Reçu par l'expediteur
Marwa ghodbaen,Reçu par l'expediteur
Marwa ghodbaen,Reçu par l'expediteur
Ste Haddad frères du commerce,Reçu par l'expediteur
samar,Reçu par l'expediteur
UCANbe,Reçu par l'expediteur
Joe by houwaida,Reçu par l'expediteur
go shop,Reçu par l'expediteur
Donna couture PC Giex,Reçu par l'expediteur
Extra shop,Reçu par l'expediteur
AminKA PC Giex,Reçu par l'expediteur
LOGISTIKO,Reçu par l'expediteur
LOGISTIKO,Reçu par l'expediteur
Wiem JEDIDI,Reçu par l'expediteur
Oume Koukou,Reçu par l'expediteur
Tunisia mall,Reçu par l'expediteur
Marwa ghodbaen,Reçu par l'expediteur
QUALITE TRANS,Reçu par l'expediteur
Extra shop,Reçu par l'expediteur
boutique amoula,Reçu par l'expediteur
Hia Store,Reçu par l'expediteur
SELECT.TN,Reçu par l'expediteur
Dream Shop,Reçu par l'expediteur
QUALITE TRANS,Reçu par l'expediteur
go shop,Reçu par l'expediteur
LOGISTIKO,Reçu par l'expediteur
baby cute,Reçu par l'expediteur
go shop,Reçu par l'expediteur
coquette shop,Reçu par l'expediteur
go shop,Reçu par l'expediteur
coquette shop,Reçu par l'expediteur
Bayti.tn,Reçu par l'expediteur
Sys delivery,Reçu par l'expediteur
go shop,Reçu par l'expediteur
go shop,Reçu par l'expediteur
LOGISTIKO,Reçu par l'expediteur
go shop,Reçu par l'expediteur
go shop,Reçu par l'expediteur
LOGISTIKO,Reçu par l'expediteur
Amira BEN NAYA,Reçu par l'expediteur
Amira BEN NAYA,Reçu par l'expediteur
Amira BEN NAYA,Reçu par l'expediteur
Amira BEN NAYA,Reçu par l'expediteur
Amira BEN NAYA,Reçu par l'expediteur
Amira BEN NAYA,Reçu par l'expediteur
Amira BEN NAYA,Reçu par l'expediteur
O STORE,Reçu par l'expediteur
O STORE,Reçu par l'expediteur
Wiem JEDIDI,Reçu par l'expediteur
Wiem JEDIDI,Reçu par l'expediteur
Wiem JEDIDI,Reçu par l'expediteur
Wiem JEDIDI,Reçu par l'expediteur
Wiem JEDIDI,Reçu par l'expediteur
Wiem JEDIDI,Reçu par l'expediteur
Wiem JEDIDI,Reçu par l'expediteur
samar,Reçu par l'expediteur
Tunisia mall,Reçu par l'expediteur
Tunisia mall,Reçu par l'expediteur
Tunisia mall,Reçu par l'expediteur
Tunisia mall,Reçu par l'expediteur
Tunisia mall,Reçu par l'expediteur
Ideal Home,Reçu par l'expediteur
MD global,Reçu par l'expediteur
Miel Boumiza,Reçu par l'expediteur
LOGISTIKO,Reçu par l'expediteur
Zigzag.tn,Reçu par l'expediteur
Zigzag.tn,Reçu par l'expediteur
Zigzag.tn,Reçu par l'expediteur
Zigzag.tn,Reçu par l'expediteur
Zigzag.tn,Reçu par l'expediteur
Zigzag.tn,Reçu par l'expediteur
Zigzag.tn,Reçu par l'expediteur
Ste HLD,Reçu par l'expediteur
Ste HLD,Reçu par l'expediteur
Ste HLD,Reçu par l'expediteur
QUALITE TRANS,Reçu par l'expediteur
Hia Store,Reçu par l'expediteur
SELECT.TN,Reçu par l'expediteur
LOGISTIKO,Reçu par l'expediteur
QUALITE TRANS,Reçu par l'expediteur
go shop,Reçu par l'expediteur
LOGISTIKO,Reçu par l'expediteur
Ste HLD,Reçu par l'expediteur
Two Bird,Reçu par l'expediteur
LOGISTIKO,Reçu par l'expediteur
samar,Reçu par l'expediteur
ZARBITI,Reçu par l'expediteur
LOGISTIKO,Reçu par l'expediteur
LOGISTIKO,Reçu par l'expediteur
samar,Reçu par l'expediteur
Oume Koukou,Reçu par l'expediteur
Ste HLD,Reçu par l'expediteur
Bayti.tn,Reçu par l'expediteur
Ste HLD,Reçu par l'expediteur
Ideal Home,Reçu par l'expediteur
Espace sarrah,Reçu par l'expediteur
EXCELLENT PRIX,Reçu par l'expediteur
Joe by houwaida,Reçu par l'expediteur
EXCELLENT PRIX,Reçu par l'expediteur
EXCELLENT PRIX,Reçu par l'expediteur
EXCELLENT PRIX,Reçu par l'expediteur
Koukou Prestige,Reçu par l'expediteur
Miel Boumiza,Reçu par l'expediteur
Joe by houwaida,Reçu par l'expediteur
Shopping by sabrine,Reçu par l'expediteur
Shopping by sabrine,Reçu par l'expediteur
Miel Boumiza,Reçu par l'expediteur
Joe by houwaida,Reçu par l'expediteur
Joe by houwaida,Reçu par l'expediteur
Extra shop,Reçu par l'expediteur
Extra shop,Reçu par l'expediteur
Bayti.tn,Reçu par l'expediteur
Bayti.tn,Reçu par l'expediteur
LOGISTIKO,Reçu par l'expediteur
Bayti.tn,Reçu par l'expediteur
Bayti.tn,Reçu par l'expediteur
Bayti.tn,Reçu par l'expediteur
LOGISTIKO,Reçu par l'expediteur
Miel Boumiza,Reçu par l'expediteur
QUALITE TRANS,Reçu par l'expediteur
Miel Boumiza,Reçu par l'expediteur
Ashtar,Reçu par l'expediteur
LOGISTIKO,Reçu par l'expediteur
Bayti.tn,Reçu par l'expediteur
QUALITE TRANS,Reçu par l'expediteur
The light house,Reçu par l'expediteur
Zigzag.tn,Reçu par l'expediteur
Zigzag.tn,Reçu par l'expediteur
Zigzag.tn,Reçu par l'expediteur
Zigzag.tn,Reçu par l'expediteur
Zigzag.tn,Reçu par l'expediteur
Ktebi,Reçu par l'expediteur
Zigzag.tn,Reçu par l'expediteur
Miel Boumiza,Reçu par l'expediteur
samar,Reçu par l'expediteur
LOGISTIKO,Reçu par l'expediteur
Miel Boumiza,Reçu par l'expediteur
Ste Texport,Reçu par l'expediteur
LOGISTIKO,Reçu par l'expediteur
LOGISTIKO,Reçu par l'expediteur
Ste Haddad frères du commerce,Reçu par l'expediteur
EXCELLENT PRIX,Reçu par l'expediteur
LOGISTIKO,Reçu par l'expediteur
O STORE,Reçu par l'expediteur
O STORE,Reçu par l'expediteur
LOGISTIKO,Reçu par l'expediteur
QUALITE TRANS,Reçu par l'expediteur
muscari,Reçu par l'expediteur
EXCELLENT PRIX,Reçu par l'expediteur
go shop,Reçu par l'expediteur
Bayti.tn,Reçu par l'expediteur
go shop,Reçu par l'expediteur
LOGISTIKO,Reçu par l'expediteur
Ste Texport,Reçu par l'expediteur
Ste Texport,Reçu par l'expediteur
Ste Texport,Reçu par l'expediteur
Zigzag.tn,Reçu par l'expediteur
Zigzag.tn,Reçu par l'expediteur
Zigzag.tn,Reçu par l'expediteur
Zigzag.tn,Reçu par l'expediteur
Zigzag.tn,Reçu par l'expediteur
Zigzag.tn,Reçu par l'expediteur
Zigzag.tn,Reçu par l'expediteur
Ktebi,Reçu par l'expediteur
Zigzag.tn,Reçu par l'expediteur
Miel Boumiza,Reçu par l'expediteur
Accessoires Auto Atef,Reçu par l'expediteur
LOGISTIKO,Reçu par l'expediteur
Ashtar,Reçu par l'expediteur
Ashtar,Reçu par l'expediteur
TUNILAND,Reçu par l'expediteur
LOGISTIKO,Reçu par l'expediteur
QUALITE TRANS,Reçu par l'expediteur
QUALITE TRANS,Reçu par l'expediteur
QUALITE TRANS,Reçu par l'expediteur
Star Plus TV,Reçu par l'expediteur
Star Plus TV,Reçu par l'expediteur
QUALITE TRANS,Reçu par l'expediteur
LOGISTIKO,Reçu par l'expediteur
LOGISTIKO,Reçu par l'expediteur
Extra shop,Reçu par l'expediteur
LOGISTIKO,Reçu par l'expediteur
LOGISTIKO,Reçu par l'expediteur
LOGISTIKO,Reçu par l'expediteur
LOGISTIKO,Reçu par l'expediteur
LOGISTIKO,Reçu par l'expediteur
Ste Amena,Reçu par l'expediteur
LOGISTIKO,Reçu par l'expediteur
LOGISTIKO,Reçu par l'expediteur
LOGISTIKO,Reçu par l'expediteur
les bonnes affaires,Reçu par l'expediteur
LOGISTIKO,Reçu par l'expediteur
go shop,Reçu par l'expediteur
LOGISTIKO,Reçu par l'expediteur
LOGISTIKO,Reçu par l'expediteur
TUNILAND,Reçu par l'expediteur
go shop,Reçu par l'expediteur
go shop,Reçu par l'expediteur
go shop,Reçu par l'expediteur
go shop,Reçu par l'expediteur
LOGISTIKO,Reçu par l'expediteur
Secret de beauté,Reçu par l'expediteur
go shop,Reçu par l'expediteur
go shop,Reçu par l'expediteur
go shop,Reçu par l'expediteur
go shop,Reçu par l'expediteur
LOGISTIKO,Reçu par l'expediteur
LOGISTIKO,Reçu par l'expediteur
LOGISTIKO,Reçu par l'expediteur
QUALITE TRANS,Reçu par l'expediteur
Ktebi,Reçu par l'expediteur
Ktebi,Reçu par l'expediteur
LOGISTIKO,Reçu par l'expediteur
LOGISTIKO,Reçu par l'expediteur
LOGISTIKO,Reçu par l'expediteur
go shop,Reçu par l'expediteur
go shop,Reçu par l'expediteur
go shop,Reçu par l'expediteur
LOGISTIKO,Reçu par l'expediteur
QUALITE TRANS,Reçu par l'expediteur
go shop,Reçu par l'expediteur
LOGISTIKO,Reçu par l'expediteur
TUNILAND,Reçu par l'expediteur
QUALITE TRANS,Reçu par l'expediteur
TUNILAND,Reçu par l'expediteur
QUALITE TRANS,Reçu par l'expediteur
go shop,Reçu par l'expediteur
go shop,Reçu par l'expediteur
QUALITE TRANS,Reçu par l'expediteur
LOGISTIKO,Reçu par l'expediteur
QUALITE TRANS,Reçu par l'expediteur
QUALITE TRANS,Reçu par l'expediteur
QUALITE TRANS,Reçu par l'expediteur
QUALITE TRANS,Reçu par l'expediteur
LOGISTIKO,Reçu par l'expediteur
QUALITE TRANS,Reçu par l'expediteur
QUALITE TRANS,Reçu par l'expediteur
LOGISTIKO,Reçu par l'expediteur
QUALITE TRANS,Reçu par l'expediteur
QUALITE TRANS,Reçu par l'expediteur
QUALITE TRANS,Reçu par l'expediteur
QUALITE TRANS,Reçu par l'expediteur
TUNILAND,Reçu par l'expediteur
TUNILAND,Reçu par l'expediteur
QUALITE TRANS,Reçu par l'expediteur
QUALITE TRANS,Reçu par l'expediteur
QUALITE TRANS,Reçu par l'expediteur
QUALITE TRANS,Reçu par l'expediteur
QUALITE TRANS,Reçu par l'expediteur
QUALITE TRANS,Reçu par l'expediteur
QUALITE TRANS,Reçu par l'expediteur
Blue Body,Reçu par l'expediteur
Two Bird,Reçu par l'expediteur
Blue Body,Reçu par l'expediteur
LOGISTIKO,Reçu par l'expediteur
Extra shop,Reçu par l'expediteur
LOGISTIKO,Reçu par l'expediteur
QUALITE TRANS,Reçu par l'expediteur
go shop,Reçu par l'expediteur
TUNILAND,Reçu par l'expediteur
TUNILAND,Reçu par l'expediteur
TUNILAND,Reçu par l'expediteur
TUNILAND,Reçu par l'expediteur
TUNILAND,Reçu par l'expediteur
Extra shop,Reçu par l'expediteur
Extra shop,Reçu par l'expediteur
Extra shop,Reçu par l'expediteur
LOGISTIKO,Reçu par l'expediteur
Extra shop,Reçu par l'expediteur
LOGISTIKO,Reçu par l'expediteur
Extra shop,Reçu par l'expediteur
Ashtar,Reçu par l'expediteur
Ashtar,Reçu par l'expediteur
QUALITE TRANS,Reçu par l'expediteur
nakaa naturelle,Reçu par l'expediteur
QUALITE TRANS,Reçu par l'expediteur
QUALITE TRANS,Reçu par l'expediteur
QUALITE TRANS,Reçu par l'expediteur
QUALITE TRANS,Reçu par l'expediteur
SELECT.TN,Reçu par l'expediteur
QUALITE TRANS,Reçu par l'expediteur
QUALITE TRANS,Reçu par l'expediteur
QUALITE TRANS,Reçu par l'expediteur
QUALITE TRANS,Reçu par l'expediteur
Ste Amena,Reçu par l'expediteur
Ste Amena,Reçu par l'expediteur
Ste Amena,Reçu par l'expediteur
QUALITE TRANS,Reçu par l'expediteur
LOGISTIKO,Reçu par l'expediteur
LOGISTIKO,Reçu par l'expediteur
LOGISTIKO,Reçu par l'expediteur
QUALITE TRANS,Reçu par l'expediteur
TUNILAND,Reçu par l'expediteur
LOGISTIKO,Reçu par l'expediteur
TUNILAND,Reçu par l'expediteur
TUNILAND,Reçu par l'expediteur
TUNILAND,Reçu par l'expediteur
TUNILAND,Reçu par l'expediteur
TUNILAND,Reçu par l'expediteur
LOGISTIKO,Reçu par l'expediteur
QUALITE TRANS,Reçu par l'expediteur
QUALITE TRANS,Reçu par l'expediteur
QUALITE TRANS,Reçu par l'expediteur
QUALITE TRANS,Reçu par l'expediteur
QUALITE TRANS,Reçu par l'expediteur
QUALITE TRANS,Reçu par l'expediteur
SELECT.TN,Reçu par l'expediteur
EXCELLENT PRIX,Reçu par l'expediteur
TUNILAND,Reçu par l'expediteur
EXCELLENT PRIX,Reçu par l'expediteur
Secret de beauté,Reçu par l'expediteur
QUALITE TRANS,Reçu par l'expediteur
TUNILAND,Reçu par l'expediteur
TUNILAND,Reçu par l'expediteur
go shop,Reçu par l'expediteur
Extra shop,Reçu par l'expediteur
EXCELLENT PRIX,Reçu par l'expediteur
Extra shop,Reçu par l'expediteur
go shop,Reçu par l'expediteur
QUALITE TRANS,Reçu par l'expediteur
go shop,Reçu par l'expediteur
LOGISTIKO,Reçu par l'expediteur
go shop,Reçu par l'expediteur
go shop,Reçu par l'expediteur
QUALITE TRANS,Reçu par l'expediteur
Extra shop,Reçu par l'expediteur
QUALITE TRANS,Reçu par l'expediteur
QUALITE TRANS,Reçu par l'expediteur
Extra shop,Reçu par l'expediteur
EXCELLENT PRIX,Reçu par l'expediteur
EXCELLENT PRIX,Reçu par l'expediteur
Colis du sud,Reçu par l'expediteur
QUALITE TRANS,Reçu par l'expediteur
QUALITE TRANS,Reçu par l'expediteur
QUALITE TRANS,Reçu par l'expediteur
QUALITE TRANS,Reçu par l'expediteur
QUALITE TRANS,Reçu par l'expediteur
QUALITE TRANS,Reçu par l'expediteur
QUALITE TRANS,Reçu par l'expediteur
QUALITE TRANS,Reçu par l'expediteur
QUALITE TRANS,Reçu par l'expediteur
QUALITE TRANS,Reçu par l'expediteur
QUALITE TRANS,Reçu par l'expediteur
QUALITE TRANS,Reçu par l'expediteur
QUALITE TRANS,Reçu par l'expediteur
QUALITE TRANS,Reçu par l'expediteur
QUALITE TRANS,Reçu par l'expediteur
LOGISTIKO,Reçu par l'expediteur
LOGISTIKO,Reçu par l'expediteur
QUALITE TRANS,Reçu par l'expediteur
LOGISTIKO,Reçu par l'expediteur
go shop,Reçu par l'expediteur
TUNILAND,Reçu par l'expediteur
QUALITE TRANS,Reçu par l'expediteur
QUALITE TRANS,Reçu par l'expediteur
QUALITE TRANS,Reçu par l'expediteur
QUALITE TRANS,Reçu par l'expediteur
LOGISTIKO,Reçu par l'expediteur
QUALITE TRANS,Reçu par l'expediteur
QUALITE TRANS,Reçu par l'expediteur
QUALITE TRANS,Reçu par l'expediteur
LOGISTIKO,Reçu par l'expediteur
Mahdia Nutrition,Reçu par l'expediteur
QUALITE TRANS,Reçu par l'expediteur
QUALITE TRANS,Reçu par l'expediteur
LOGISTIKO,Reçu par l'expediteur
LOGISTIKO,Reçu par l'expediteur
LOGISTIKO,Reçu par l'expediteur
LOGISTIKO,Reçu par l'expediteur
QUALITE TRANS,Reçu par l'expediteur
LOGISTIKO,Reçu par l'expediteur
QUALITE TRANS,Reçu par l'expediteur
LOGISTIKO,Reçu par l'expediteur
LOGISTIKO,Reçu par l'expediteur
Déco maison,Reçu par l'expediteur
Déco maison,Reçu par l'expediteur
LOGISTIKO,Reçu par l'expediteur
Ste Texport,Reçu par l'expediteur
QUALITE TRANS,Reçu par l'expediteur
QUALITE TRANS,Reçu par l'expediteur
EXCELLENT PRIX,Reçu par l'expediteur
LOGISTIKO,Reçu par l'expediteur
LOGISTIKO,Reçu par l'expediteur
LOGISTIKO,Reçu par l'expediteur
QUALITE TRANS,Reçu par l'expediteur
LOGISTIKO,Reçu par l'expediteur
LOGISTIKO,Reçu par l'expediteur
QUALITE TRANS,Reçu par l'expediteur
LOGISTIKO,Reçu par l'expediteur
LOGISTIKO,Reçu par l'expediteur
EXCELLENT PRIX,Reçu par l'expediteur
QUALITE TRANS,Reçu par l'expediteur
QUALITE TRANS,Reçu par l'expediteur
O STORE,Reçu par l'expediteur
QUALITE TRANS,Reçu par l'expediteur
Ste Texport,Reçu par l'expediteur
Extra shop,Reçu par l'expediteur
QUALITE TRANS,Reçu par l'expediteur
QUALITE TRANS,Reçu par l'expediteur
QUALITE TRANS,Reçu par l'expediteur
QUALITE TRANS,Reçu par l'expediteur
QUALITE TRANS,Reçu par l'expediteur
QUALITE TRANS,Reçu par l'expediteur
QUALITE TRANS,Reçu par l'expediteur
Extra shop,Reçu par l'expediteur
HB Shop,Reçu par l'expediteur
HB Shop,Reçu par l'expediteur
EXCELLENT PRIX,Reçu par l'expediteur
LOGISTIKO,Reçu par l'expediteur
Bayti.tn,Reçu par l'expediteur
QUALITE TRANS,Reçu par l'expediteur
Bayti.tn,Reçu par l'expediteur
Extra shop,Reçu par l'expediteur
QUALITE TRANS,Reçu par l'expediteur
LOGISTIKO,Reçu par l'expediteur
Extra shop,Reçu par l'expediteur
QUALITE TRANS,Reçu par l'expediteur
QUALITE TRANS,Reçu par l'expediteur
QUALITE TRANS,Reçu par l'expediteur
QUALITE TRANS,Reçu par l'expediteur
QUALITE TRANS,Reçu par l'expediteur
LOGISTIKO,Reçu par l'expediteur
LOGISTIKO,Reçu par l'expediteur
LOGISTIKO,Reçu par l'expediteur
LOGISTIKO,Reçu par l'expediteur
QUALITE TRANS,Reçu par l'expediteur
LOGISTIKO,Reçu par l'expediteur
LOGISTIKO,Reçu par l'expediteur
LOGISTIKO,Reçu par l'expediteur
LOGISTIKO,Reçu par l'expediteur
LOGISTIKO,Reçu par l'expediteur
LOGISTIKO,Reçu par l'expediteur
QUALITE TRANS,Reçu par l'expediteur
LOGISTIKO,Reçu par l'expediteur
LOGISTIKO,Reçu par l'expediteur
LOGISTIKO,Reçu par l'expediteur
LOGISTIKO,Reçu par l'expediteur
LOGISTIKO,Reçu par l'expediteur
Expéditeur,status
Tunisien cars,Reçu par l'expediteur
Tableau S plus 2 grand colis,Reçu par l'expediteur
Tableau S plus 2 grand colis,Reçu par l'expediteur
Attia stores,Reçu par l'expediteur
Attia stores,Reçu par l'expediteur
Attia stores,Reçu par l'expediteur
Youce Printdéco,Reçu par l'expediteur
Attia Shop,Reçu par l'expediteur
Devcom,Reçu par l'expediteur
tableaux tendance,Reçu par l'expediteur
tableaux tendance,Reçu par l'expediteur
tableaux tendance,Reçu par l'expediteur
HISOONTON,Reçu par l'expediteur
Déco et mobilier plus,Reçu par l'expediteur
Sywarable,Reçu par l'expediteur
HISOONTON,Reçu par l'expediteur
Ste Texport,Reçu par l'expediteur
Be Happy Shop,Reçu par l'expediteur
Tout pour la maison,Reçu par l'expediteur
TABLEAU PLUS,Reçu par l'expediteur
Youce Printdéco,Reçu par l'expediteur
TABLEAU PLUS,Reçu par l'expediteur
TABLEAU PLUS,Reçu par l'expediteur
Yosart ceramic,Reçu par l'expediteur
Youce Printdéco,Reçu par l'expediteur
TABLEAU PLUS,Reçu par l'expediteur
tableaux tendance,Reçu par l'expediteur
tableaux tendance,Reçu par l'expediteur
LOGISTIKO,Reçu par l'expediteur
slah bastaoui,Reçu par l'expediteur
HISOONTON,Reçu par l'expediteur
HISOONTON,Reçu par l'expediteur
HISOONTON,Reçu par l'expediteur
HISOONTON,Reçu par l'expediteur
HISOONTON,Reçu par l'expediteur
HISOONTON,Reçu par l'expediteur
click store,Reçu par l'expediteur
click store,Reçu par l'expediteur
click store,Reçu par l'expediteur
Elle me,Reçu par l'expediteur
Five star,Reçu par l'expediteur
Five star,Reçu par l'expediteur
Five star,Reçu par l'expediteur
Elle me,Reçu par l'expediteur
R coftan,Reçu par l'expediteur
Tiktak PRO-forumboutique,Reçu par l'expediteur
click store,Reçu par l'expediteur
click store,Reçu par l'expediteur
click store,Reçu par l'expediteur
click store,Reçu par l'expediteur
click store,Reçu par l'expediteur
STE ZG HOME,Reçu par l'expediteur
kouatrouette,Reçu par l'expediteur
ZOOM FASHION,Reçu par l'expediteur
Five star,Reçu par l'expediteur
Five star,Reçu par l'expediteur
MAX GROUPE,Reçu par l'expediteur
click store,Reçu par l'expediteur
click store,Reçu par l'expediteur
click store,Reçu par l'expediteur
Mariem shop,Reçu par l'expediteur
OBLIVIOUS,Reçu par l'expediteur
Tiktak PRO-forumboutique,Reçu par l'expediteur
Mariem shop,Reçu par l'expediteur
Noor Store,Reçu par l'expediteur
Five star,Reçu par l'expediteur
Tiktak PRO-forumboutique,Reçu par l'expediteur
Five star,Reçu par l'expediteur
HISOONTON,Reçu par l'expediteur
Five star,Reçu par l'expediteur
Five star,Reçu par l'expediteur
Five star,Reçu par l'expediteur
Basic Wear - Sparkle,Reçu par l'expediteur
HISOONTON,Reçu par l'expediteur
Prix D'or,Reçu par l'expediteur
HISOONTON,Reçu par l'expediteur
Devcom,Reçu par l'expediteur
HISOONTON,Reçu par l'expediteur
Tout pour la maison,Reçu par l'expediteur
click store,Reçu par l'expediteur
click store,Reçu par l'expediteur
click store,Reçu par l'expediteur
HISOONTON,Reçu par l'expediteur
Five star,Reçu par l'expediteur
Five star,Reçu par l'expediteur
Five star,Reçu par l'expediteur
slah bastaoui,Reçu par l'expediteur
Prix D'or,Reçu par l'expediteur
Prix D'or,Reçu par l'expediteur
Prix D'or,Reçu par l'expediteur
moodreset,Reçu par l'expediteur
Be Happy Shop,Reçu par l'expediteur
moodreset,Reçu par l'expediteur
Tout pour la maison,Reçu par l'expediteur
Mariem shop,Reçu par l'expediteur
Mariem shop,Reçu par l'expediteur
Ste Haddad frères du commerce,Reçu par l'expediteur
Mariem shop,Reçu par l'expediteur
Chamaa store,Reçu par l'expediteur
espaces layouni freres,Reçu par l'expediteur
Oneaday/Maison PROMOTION,Reçu par l'expediteur
espaces layouni freres,Reçu par l'expediteur
TABLEAU PLUS,Reçu par l'expediteur
TABLEAU PLUS,Reçu par l'expediteur
kouatrouette,Reçu par l'expediteur
TABLEAU PLUS,Reçu par l'expediteur
TABLEAU PLUS,Reçu par l'expediteur
TABLEAU PLUS,Reçu par l'expediteur
TABLEAU PLUS,Reçu par l'expediteur
click store,Reçu par l'expediteur
click store,Reçu par l'expediteur
Youce Printdéco,Reçu par l'expediteur
Youce Printdéco,Reçu par l'expediteur
Sabrine,Reçu par l'expediteur
Home bunch,Reçu par l'expediteur
3salbit mouna,Reçu par l'expediteur
nerimen,Reçu par l'expediteur
HISOONTON,Reçu par l'expediteur
HISOONTON,Reçu par l'expediteur
Prix D'or,Reçu par l'expediteur
Salma fashion,Reçu par l'expediteur
Tout pour la maison,Reçu par l'expediteur
HISOONTON,Reçu par l'expediteur
Five star,Reçu par l'expediteur
HISOONTON,Reçu par l'expediteur
Coin D'or,Reçu par l'expediteur
Prix D'or,Reçu par l'expediteur
MD global,Reçu par l'expediteur
Tiktak PRO-forumboutique,Reçu par l'expediteur
Five star,Reçu par l'expediteur
click store,Reçu par l'expediteur
click store,Reçu par l'expediteur
Déco et mobilier plus,Reçu par l'expediteur
Asfour maison d'art,Reçu par l'expediteur
espaces layouni freres,Reçu par l'expediteur
Tout pour la maison,Reçu par l'expediteur
kouatrouette,Reçu par l'expediteur
Youce Printdéco,Reçu par l'expediteur
Youce Printdéco,Reçu par l'expediteur
TABLEAU PLUS,Reçu par l'expediteur
TABLEAU PLUS,Reçu par l'expediteur
TABLEAU PLUS,Reçu par l'expediteur
TABLEAU PLUS,Reçu par l'expediteur
Attia Shop,Reçu par l'expediteur
Attia stores,Reçu par l'expediteur
ZOOM FASHION,Reçu par l'expediteur
click store,Reçu par l'expediteur
click store,Reçu par l'expediteur
Attia Shop,Reçu par l'expediteur
HISOONTON,Reçu par l'expediteur
Attia Shop,Reçu par l'expediteur
Tiktak PRO-forumboutique,Reçu par l'expediteur
Emino store,Reçu par l'expediteur
Trend Fashion,Reçu par l'expediteur
Trend Fashion,Reçu par l'expediteur
MAX GROUPE,Reçu par l'expediteur
Déco et mobilier plus,Reçu par l'expediteur
click store,Reçu par l'expediteur
click store,Reçu par l'expediteur
click store,Reçu par l'expediteur
click store,Reçu par l'expediteur
click store,Reçu par l'expediteur
click store,Reçu par l'expediteur
Tiktak PRO-Griffin Store,Reçu par l'expediteur
nerimen,Reçu par l'expediteur
nerimen,Reçu par l'expediteur
Attia Shop,Reçu par l'expediteur
AGROLINE 01,Reçu par l'expediteur
Waty Shop,Reçu par l'expediteur
Devcom,Reçu par l'expediteur
Attia Shop,Reçu par l'expediteur
HISOONTON,Reçu par l'expediteur
Five star,Reçu par l'expediteur
click store,Reçu par l'expediteur
click store,Reçu par l'expediteur
click store,Reçu par l'expediteur
click store,Reçu par l'expediteur
click store,Reçu par l'expediteur
HISOONTON,Reçu par l'expediteur
QUALITE TRANS,Reçu par l'expediteur
STE ZG HOME,Reçu par l'expediteur
Tiktak PRO-forumboutique,Reçu par l'expediteur
Tiktak PRO-forumboutique,Reçu par l'expediteur
HISOONTON,Reçu par l'expediteur
Prix D'or,Reçu par l'expediteur
LOGISTIKO,Reçu par l'expediteur
LOGISTIKO,Reçu par l'expediteur
Déco et mobilier plus,Reçu par l'expediteur
Déco et mobilier plus,Reçu par l'expediteur
slah bastaoui,Reçu par l'expediteur
Trend Fashion,Reçu par l'expediteur
QUALITE TRANS,Reçu par l'expediteur
QUALITE TRANS,Reçu par l'expediteur
Espace Aymen,Reçu par l'expediteur
Espace Aymen,Reçu par l'expediteur
QUALITE TRANS,Reçu par l'expediteur
Tout pour la maison,Reçu par l'expediteur
QUALITE TRANS,Reçu par l'expediteur
click store,Reçu par l'expediteur
click store,Reçu par l'expediteur
QUALITE TRANS,Reçu par l'expediteur
QUALITE TRANS,Reçu par l'expediteur
QUALITE TRANS,Reçu par l'expediteur
Déco et mobilier plus,Reçu par l'expediteur
Déco et mobilier plus,Reçu par l'expediteur
QUALITE TRANS,Reçu par l'expediteur
Oneaday/Maison PROMOTION,Reçu par l'expediteur
TABLEAU PLUS,Reçu par l'expediteur
TABLEAU PLUS,Reçu par l'expediteur
idol,Reçu par l'expediteur
idol,Reçu par l'expediteur
ZOOM FASHION,Reçu par l'expediteur
click store,Reçu par l'expediteur
click store,Reçu par l'expediteur
click store,Reçu par l'expediteur
click store,Reçu par l'expediteur
Attia Shop,Reçu par l'expediteur
Five star,Reçu par l'expediteur
Slah Tapis,Reçu par l'expediteur
Attia Shop,Reçu par l'expediteur
Société guesmi art design,Reçu par l'expediteur
Société guesmi art design,Reçu par l'expediteur
Five star,Reçu par l'expediteur
HISOONTON,Reçu par l'expediteur
HISOONTON,Reçu par l'expediteur
HISOONTON,Reçu par l'expediteur
Five star,Reçu par l'expediteur
Five star,Reçu par l'expediteur
Attia Shop,Reçu par l'expediteur
tableaux tendance,Reçu par l'expediteur
Prix D'or,Reçu par l'expediteur
Devcom,Reçu par l'expediteur
HISOONTON,Reçu par l'expediteur
Waty Shop,Reçu par l'expediteur
Société Ons,Reçu par l'expediteur
Waty Shop,Reçu par l'expediteur
HISOONTON,Reçu par l'expediteur
HISOONTON,Reçu par l'expediteur
Elle me,Reçu par l'expediteur
click store,Reçu par l'expediteur
click store,Reçu par l'expediteur
click store,Reçu par l'expediteur
Mariem,Reçu par l'expediteur
Mariem,Reçu par l'expediteur
Mariem,Reçu par l'expediteur
Mariem,Reçu par l'expediteur
Five star,Reçu par l'expediteur
R coftan,Reçu par l'expediteur
La ruche miel,Reçu par l'expediteur
Feol,Reçu par l'expediteur
Couverture de prince,Reçu par l'expediteur
Tiktak PRO-forumboutique,Reçu par l'expediteur
Tiktak PRO-Griffin Store,Reçu par l'expediteur
Five star,Reçu par l'expediteur
Five star,Reçu par l'expediteur
Five star,Reçu par l'expediteur
Five star,Reçu par l'expediteur
Five star,Reçu par l'expediteur
Five star,Reçu par l'expediteur
Sywarable,Reçu par l'expediteur
HISOONTON,Reçu par l'expediteur
Five star,Reçu par l'expediteur
Attia Shop,Reçu par l'expediteur
For you,Reçu par l'expediteur
ATC SPORT MAX,Reçu par l'expediteur
click store,Reçu par l'expediteur
click store,Reçu par l'expediteur
click store,Reçu par l'expediteur
click store,Reçu par l'expediteur
click store,Reçu par l'expediteur
click store,Reçu par l'expediteur
click store,Reçu par l'expediteur
click store,Reçu par l'expediteur
R coftan,Reçu par l'expediteur
R coftan,Reçu par l'expediteur
Youce Printdéco,Reçu par l'expediteur
TABLEAU PLUS,Reçu par l'expediteur
TABLEAU PLUS,Reçu par l'expediteur
Tableau S plus 2 grand colis,Reçu par l'expediteur
R coftan,Reçu par l'expediteur
AGROLINE 01,Reçu par l'expediteur
Ste Texport,Reçu par l'expediteur
Espace Aymen,Reçu par l'expediteur
R coftan,Reçu par l'expediteur
Ste Texport,Reçu par l'expediteur
ATC SPORT MAX,Reçu par l'expediteur
ATC SPORT MAX,Reçu par l'expediteur
ATC SPORT MAX,Reçu par l'expediteur
Be Happy Shop,Reçu par l'expediteur
click store,Reçu par l'expediteur
click store,Reçu par l'expediteur
click store,Reçu par l'expediteur
click store,Reçu par l'expediteur
click store,Reçu par l'expediteur
click store,Reçu par l'expediteur
tableaux tendance,Reçu par l'expediteur
tableaux tendance,Reçu par l'expediteur
tableaux tendance,Reçu par l'expediteur
Tout pour la maison,Reçu par l'expediteur
tableaux tendance,Reçu par l'expediteur
Noor Store,Reçu par l'expediteur
Ste Haddad frères du commerce,Reçu par l'expediteur
TABLEAU PLUS,Reçu par l'expediteur
TABLEAU PLUS,Reçu par l'expediteur
TABLEAU PLUS,Reçu par l'expediteur
TABLEAU PLUS,Reçu par l'expediteur
TABLEAU PLUS,Reçu par l'expediteur
TABLEAU PLUS,Reçu par l'expediteur
Youce Printdéco,Reçu par l'expediteur
kouatrouette,Reçu par l'expediteur
Hia Store,Reçu par l'expediteur
WAEL DOCUMENTS,Reçu par l'expediteur
WAEL DOCUMENTS,Reçu par l'expediteur
click store,Reçu par l'expediteur
click store,Reçu par l'expediteur
click store,Reçu par l'expediteur
click store,Reçu par l'expediteur
click store,Reçu par l'expediteur
Style deco,Reçu par l'expediteur
ZOOM FASHION,Reçu par l'expediteur
3salbit mouna,Reçu par l'expediteur
Attia Shop,Reçu par l'expediteur
Tout pour la maison,Reçu par l'expediteur
Sywarable,Reçu par l'expediteur
Attia Shop,Reçu par l'expediteur
Trend Fashion,Reçu par l'expediteur
Trend Fashion,Reçu par l'expediteur
HISOONTON,Reçu par l'expediteur
HISOONTON,Reçu par l'expediteur
HISOONTON,Reçu par l'expediteur
HISOONTON,Reçu par l'expediteur
HISOONTON,Reçu par l'expediteur
Elle me,Reçu par l'expediteur
Devcom,Reçu par l'expediteur
Devcom,Reçu par l'expediteur
HISOONTON,Reçu par l'expediteur
HISOONTON,Reçu par l'expediteur
click store,Reçu par l'expediteur
click store,Reçu par l'expediteur
HISOONTON,Reçu par l'expediteur
Prix D'or,Reçu par l'expediteur
HISOONTON,Reçu par l'expediteur
HISOONTON,Reçu par l'expediteur
HISOONTON,Reçu par l'expediteur
click store,Reçu par l'expediteur
click store,Reçu par l'expediteur
click store,Reçu par l'expediteur
Tout pour la maison,Reçu par l'expediteur
Société Ons,Reçu par l'expediteur
Hia Store,Reçu par l'expediteur
Showroom sousse,Reçu par l'expediteur
MH Sport,Reçu par l'expediteur
MH Sport,Reçu par l'expediteur
Trend Fashion,Reçu par l'expediteur
tableaux tendance,Reçu par l'expediteur
ZOOM FASHION,Reçu par l'expediteur
tableaux tendance,Reçu par l'expediteur
Trend Fashion,Reçu par l'expediteur
ZOOM FASHION,Reçu par l'expediteur
ZOOM FASHION,Reçu par l'expediteur
Five star,Reçu par l'expediteur
Five star,Reçu par l'expediteur
Five star,Reçu par l'expediteur
Five star,Reçu par l'expediteur
Five star,Reçu par l'expediteur
Five star,Reçu par l'expediteur
Five star,Reçu par l'expediteur
R coftan,Reçu par l'expediteur
click store,Reçu par l'expediteur
click store,Reçu par l'expediteur
click store,Reçu par l'expediteur
click store,Reçu par l'expediteur
click store,Reçu par l'expediteur
Mariem shop,Reçu par l'expediteur
AGROLINE 01,Reçu par l'expediteur
espaces layouni freres,Reçu par l'expediteur
Five star,Reçu par l'expediteur
