Expéditeur,Sum of status
3salbit mouna,3
Accessoires Shopping,9
AGORA.TN EL GHAZELA,2
AGROLINE 01,2
ali express,5
AminKA PC Giex,5
Amira BEN NAYA,3
amira eljamila,1
AMRO,1
Art de tapis,1
Asfour maison d'art,1
Ashtar,4
ATC SPORT MAX,8
Attia Shop,14
Attia stores,4
ayda frippe,1
baby cute,6
Baby shop,1
Basic Wear - Sparkle,6
Bayti Shopping,14
Bayti.tn,57
Be Happy Shop,5
Beauty shop,1
Best & New Carpet,2
Bey & Bey,10
big store,19
Blue Body,47
boutique amoula,7
Boys in the hood,1
Bsisset kmayra,1
carthage express,3
Chamaa store,1
Champs Elysée out fit,5
chez princesse,4
CLASSY CLOTHES,2
click store,111
CLINFORD,3
cloudy store,3
CM EXTRA,9
CM GENERAL,7
Coin D'or,2
Colis du sud,7
Collection New sousse,5
Commande forsa Pc giex,2
coquette shop,5
Coté mariage,1
Couverture de prince,5
Dalel Darek,18
Dar aroussia,1
Darii market,5
Dattes royale,3
Déco et mobilier plus,13
Déco maison,131
Devcom,22
Diamantine,1
Donna couture PC Giex,4
Dream Shop,1
Eleek Pc giex,2
Elghanja Ettounsia,1
Elle me,6
Elwifak import export,5
Espace Aymen,24
Espace bramm,2
Espace cocon,1
Espace sarrah,3
espaces layouni freres,13
Esprit jouets,1
Ettounsi,2
EXCELLENT PRIX,13
Extra shop,8
Fashion clic,3
Fashion clic prime,4
Fashion store 3,2
Feol,4
Five star,60
For you,4
Frip live,1
fripe FM,1
GaGa Store,1
general products store PC Giex,1
Ghali fashion,1
Glory store,1
Glowise Store,5
go go shop,1
go shop,36
go shop prime,6
Griffin store,2
Gwyn's,2
hama frippe,5
HAPPY TEAM,1
HB Shop,11
Hia Store,2
HISOONTON,186
houwaida couture,1
idol,13
JANA SHOP,27
Joe by houwaida,4
Jul Design,6
Khouloud ben youssef,3
kouatrouette,20
Koukou Prestige,1
Ktebi,6
Kytopod SA,2
la ruche,1
La superbe,4
LAMSA DECO,1
Le château tissu,1
Lella diamanta,1
les bonnes affaires,2
LOGISTIKO,147
lostjeel,2
Magasin Barhoumi,1
Mahdia Nutrition,4
Maison Cosmetics,1
Maison NG,1
Mariem,29
Mariem shop,13
Marwa ghodbaen,80
MAX GROUPE,7
MD global,1
MeriMall PC Giex,1
MH Sport,1
Miel Boumiza,27
Miracle lingerie,1
Miss chic vip,3
MKD distrubition,2
Modern deco,3
molka delivery,2
moodreset,8
Mrewel Koura,3
MS Fashion,1
MS PARA,3
Muscle Nutrition,3
my baby,1
My best home,1
nakaa naturelle,2
NATPHYTO BK,1
nerimen,7
Nizar Romdhani,1
Noor Store,4
Nutri store,1
O STORE,32
Omur toutstyle,4
Oneaday,2
Oneaday/Maison PROMOTION,10
Oume Koukou,1
Perfect Arômes,2
Perfection,4
POCOBABY,2
Predator PC Giex,2
Prix D'or,29
QUALITE TRANS,153
R coftan,10
Rahma,19
Red super star shop,1
Royal Shado,26
SAB STORE,7
SAF EXPRESS,13
Salma fashion,1
samar,5
Sarah Beauty,1
Secret de beauté,2
secret de beauty prime,8
SEI,2
SELECT.TN,5
shopa Tunisia,12
shopping by feriel,1
Shopping by sabrine,5
Shoppy doux,4
Showroom sousse,6
Sinda shop,1
slah bastaoui,6
Société guesmi art design,3
Société Ons,1
SODEG,1
Solde.tn,6
Star Plus TV,22
Ste Amena,17
Ste Haddad frères du commerce,17
Ste HLD,6
Ste Kinea,1
Ste Texport,16
STE ZG HOME,9
Steel in wood,1
stores online,4
Style deco,2
Super Prix,10
Sys delivery,31
Sywarable,2
TABLEAU PLUS,60
Tableau S plus 2 grand colis,7
tableaux tendance,60
TASS BEAUTY,1
Tech store,6
The light house,4
The Tech Space Pc Jo Delivery,3
THYSDRUS CAR ACCESSOIRES,2
Tiktak PRO Dhieb tarak - Upsell,2
Tiktak PRO-forumboutique,13
Tiktak PRO-Griffin Store,1
Tiktak PRO-tunxia-Nova Store,2
TN Store,2
Tout pour la maison,18
trend blog,2
Trend Fashion,37
trust delivery,3
TUNILAND,34
tuni-land 2,29
Tunisia mall,53
Two Bird,1
UCANbe,1
Valise chic,1
WAEL DOCUMENTS,16
Waty Shop,5
Wiem JEDIDI,44
YOLO DISTRIBUTION,3
Youce Printdéco,53
Youssef Saidi,61
ZARBITI,3
Zed delivery,4
Zigzag.tn,97
Zizou articles,1
ZOOM FASHION,39
